url,title,price,rating,reviews,superhost,guest_favorite,city
https://www.airbnb.com/rooms/1703729591399747387?search_mode=regular_search&adults=1&check_in=2026-08-10&check_out=2026-08-15&children=0&infants=0&pets=0&source_impression_id=p3_1783394888_P3ADm-6yq6b8VXdf&previous_page_section_name=1000&federated_search_id=0036b3e1-6ac7-48fa-b6fd-bb4a98afa934,Amsterdam City - Rooftop Houseboat,129118.0,5.0,55.0,True,True,Amsterdam
https://www.airbnb.com/rooms/1722657750238851804?search_mode=regular_search&adults=1&check_in=2026-07-07&check_out=2026-07-12&children=0&infants=0&pets=0&source_impression_id=p3_1783394888_P3AvuVmaJxKZXakC&previous_page_section_name=1000&federated_search_id=0036b3e1-6ac7-48fa-b6fd-bb4a98afa934,Beautiful waterfront studio,53665.0,,,True,False,Amsterdam
https://www.airbnb.com/rooms/1721706382648035677?search_mode=regular_search&adults=1&check_in=2026-07-19&check_out=2026-07-24&children=0&infants=0&pets=0&source_impression_id=p3_1783394888_P33kyOOOCY3keGR0&previous_page_section_name=1000&federated_search_id=0036b3e1-6ac7-48fa-b6fd-bb4a98afa934,Comfort private room in the city center,41363.0,,,True,False,Amsterdam
https://www.airbnb.com/rooms/1722717549067251657?search_mode=regular_search&adults=1&check_in=2026-07-19&check_out=2026-07-24&children=0&infants=0&pets=0&source_impression_id=p3_1783394888_P3r_zH0tJ_6VswVf&previous_page_section_name=1000&federated_search_id=0036b3e1-6ac7-48fa-b6fd-bb4a98afa934,Lovely Apartment with Parking,,,,True,False,Amsterdam
https://www.airbnb.com/rooms/1572470556328153618?search_mode=regular_search&adults=1&check_in=2026-07-10&check_out=2026-07-15&children=0&infants=0&pets=0&photo_id=2564403840&source_impression_id=p3_1783394890_P3kgGzPllQSV4OPz&previous_page_section_name=1000&federated_search_id=0036b3e1-6ac7-48fa-b6fd-bb4a98afa934,Conscious Hotel Vondelpark,35893.0,,,True,False,Amsterdam
https://www.airbnb.com/rooms/1718851202796141005?search_mode=regular_search&adults=1&check_in=2026-08-09&check_out=2026-08-14&children=0&infants=0&pets=0&source_impression_id=p3_1783394888_P3WhTZ43iMaOcVGo&previous_page_section_name=1000&federated_search_id=0036b3e1-6ac7-48fa-b6fd-bb4a98afa934,Waterfront studio apartment with beautiful windows,71380.0,,,True,False,Amsterdam
https://www.airbnb.com/rooms/1142550230811022568?search_mode=regular_search&adults=1&check_in=2026-07-08&check_out=2026-07-13&children=0&infants=0&pets=0&photo_id=2511546142&source_impression_id=p3_1783394890_P3qPMAsi1TGOB_NE&previous_page_section_name=1000&federated_search_id=0036b3e1-6ac7-48fa-b6fd-bb4a98afa934,Urban Lodge Hotel,32896.0,,,True,False,Amsterdam
https://www.airbnb.com/rooms/1706362039449494428?search_mode=regular_search&adults=1&check_in=2026-07-07&check_out=2026-07-12&children=0&infants=0&pets=0&source_impression_id=p3_1783394888_P3yirvx9waFR8_yo&previous_page_section_name=1000&federated_search_id=0036b3e1-6ac7-48fa-b6fd-bb4a98afa934,Apartment Amsterdam NDSM with a fantastic view!,,,,True,False,Amsterdam
https://www.airbnb.com/rooms/1441098980682635362?search_mode=regular_search&adults=1&check_in=2026-07-07&check_out=2026-07-12&children=0&infants=0&pets=0&source_impression_id=p3_1783394888_P3g9k4ls3WcNtnCf&previous_page_section_name=1000&federated_search_id=0036b3e1-6ac7-48fa-b6fd-bb4a98afa934,The Elephant Hostel - Mixed Dorm 24 Beds,,,,True,False,Amsterdam
https://www.airbnb.com/rooms/1720530649280596619?search_mode=regular_search&adults=1&check_in=2026-07-08&check_out=2026-07-13&children=0&infants=0&pets=0&source_impression_id=p3_1783394888_P3kQB4zWiKXFKlQx&previous_page_section_name=1000&federated_search_id=0036b3e1-6ac7-48fa-b6fd-bb4a98afa934,Cozy houseboat in Amsterdam Noord,83223.0,,,True,False,Amsterdam
https://www.airbnb.com/rooms/1503634899291650826?search_mode=regular_search&adults=1&check_in=2026-07-18&check_out=2026-07-23&children=0&infants=0&pets=0&source_impression_id=p3_1783394888_P3O8JuGwNB_YZnXE&previous_page_section_name=1000&federated_search_id=0036b3e1-6ac7-48fa-b6fd-bb4a98afa934,Zenstay Hotel Amsterdam - Zaandam | Retreat Suite,59585.0,5.0,1212.0,True,True,Amsterdam
https://www.airbnb.com/rooms/1131586829364418413?search_mode=regular_search&adults=1&check_in=2026-07-07&check_out=2026-07-12&children=0&infants=0&pets=0&photo_id=2672019591&source_impression_id=p3_1783394890_P3rUiZf-OK8grgXK&previous_page_section_name=1000&federated_search_id=0036b3e1-6ac7-48fa-b6fd-bb4a98afa934,Easyhotel Amsterdam Zaandam,24328.0,,,True,False,Amsterdam
https://www.airbnb.com/rooms/1123228325899462901?search_mode=regular_search&adults=1&check_in=2026-07-18&check_out=2026-07-24&children=0&infants=0&pets=0&source_impression_id=p3_1783394888_P3JT6CK7WtDUWTIk&previous_page_section_name=1000&federated_search_id=0036b3e1-6ac7-48fa-b6fd-bb4a98afa934,Spacious private appartment,102203.0,,,True,False,Amsterdam
https://www.airbnb.com/rooms/1572471405121959061?search_mode=regular_search&adults=1&check_in=2026-07-07&check_out=2026-07-12&children=0&infants=0&pets=0&photo_id=2522878885&source_impression_id=p3_1783394890_P3yRIyK8IYiFDdl7&previous_page_section_name=1000&federated_search_id=0036b3e1-6ac7-48fa-b6fd-bb4a98afa934,Conscious Hotel The Tire Station,37521.0,,,True,False,Amsterdam
https://www.airbnb.com/rooms/1095467564153718913?search_mode=regular_search&adults=1&check_in=2026-07-07&check_out=2026-07-12&children=0&infants=0&pets=0&photo_id=2512806794&source_impression_id=p3_1783394890_P32DXIYG5LDt1Jw2&previous_page_section_name=1000&federated_search_id=0036b3e1-6ac7-48fa-b6fd-bb4a98afa934,"Max Brown Hotel Museum Square, Sircle Collection",46421.0,,,True,False,Amsterdam
https://www.airbnb.com/rooms/957116576473186253?search_mode=regular_search&adults=1&check_in=2026-07-10&check_out=2026-07-15&children=0&infants=0&pets=0&source_impression_id=p3_1783394888_P3ZkfkzrVd8qg2eP&previous_page_section_name=1000&federated_search_id=0036b3e1-6ac7-48fa-b6fd-bb4a98afa934,Beautiful houseboat on the outskirts of Amsterdam,146783.0,,,True,False,Amsterdam
https://www.airbnb.com/rooms/1720098021837204389?search_mode=regular_search&adults=1&check_in=2026-08-24&check_out=2026-08-29&children=0&infants=0&pets=0&source_impression_id=p3_1783394888_P3AuQ0TZCIrZEiKh&previous_page_section_name=1000&federated_search_id=0036b3e1-6ac7-48fa-b6fd-bb4a98afa934,Brand New Design House,196944.0,,,True,False,Amsterdam
https://www.airbnb.com/rooms/1644186562669077207?search_mode=regular_search&adults=1&check_in=2026-07-07&check_out=2026-07-12&children=0&infants=0&pets=0&photo_id=2539845729&source_impression_id=p3_1783394890_P36gSBWNChOrAHPM&previous_page_section_name=1000&federated_search_id=0036b3e1-6ac7-48fa-b6fd-bb4a98afa934,Volkshotel Amsterdam,46913.0,,,True,False,Amsterdam
https://www.airbnb.com/rooms/45539425?search_mode=regular_search&adults=1&check_in=2026-07-08&check_out=2026-07-13&children=0&infants=0&pets=0&source_impression_id=p3_1783394888_P3It9ytjC8rvE6VU&previous_page_section_name=1000&federated_search_id=0036b3e1-6ac7-48fa-b6fd-bb4a98afa934,Sleeping in a Church - Shared Pod for 1 at Bunk,21800.0,,,True,False,Amsterdam
https://www.airbnb.com/rooms/1708930716210403845?search_mode=regular_search&adults=1&check_in=2026-07-26&check_out=2026-07-31&children=0&infants=0&pets=0&source_impression_id=p3_1783394888_P34dS3klbCjgrOgz&previous_page_section_name=1000&federated_search_id=0036b3e1-6ac7-48fa-b6fd-bb4a98afa934,NEW: Spacious 3BR family friendly +FREE Parking,114533.0,,,True,False,Amsterdam
https://www.airbnb.com/rooms/1718896659013342707?search_mode=regular_search&adults=1&check_in=2026-07-28&check_out=2026-08-02&children=0&infants=0&pets=0&source_impression_id=p3_1783394888_P3DWKhpyowDZ1kPk&previous_page_section_name=1000&federated_search_id=0036b3e1-6ac7-48fa-b6fd-bb4a98afa934,Charming 1BDR in local area,58921.0,,,True,False,Amsterdam
https://www.airbnb.com/rooms/1491976464258683042?search_mode=regular_search&adults=1&check_in=2026-07-25&check_out=2026-07-30&children=0&infants=0&pets=0&photo_id=2548344700&source_impression_id=p3_1783394888_P31qq57Btkexa_lk&previous_page_section_name=1000&federated_search_id=0036b3e1-6ac7-48fa-b6fd-bb4a98afa934,The Social Hub Amsterdam West 3*,24177.0,,,True,False,Amsterdam
https://www.airbnb.com/rooms/746060021045144380?search_mode=regular_search&adults=1&check_in=2026-07-07&check_out=2026-07-12&children=0&infants=0&pets=0&source_impression_id=p3_1783394888_P3Zge2D5iu9kB9rJ&previous_page_section_name=1000&federated_search_id=0036b3e1-6ac7-48fa-b6fd-bb4a98afa934,Bed in unisex dorm.,,,,True,False,Amsterdam
https://www.airbnb.com/rooms/1405580952002890361?search_mode=regular_search&adults=1&check_in=2026-07-07&check_out=2026-07-12&children=0&infants=0&pets=0&photo_id=2512806509&source_impression_id=p3_1783394890_P3rULthviA0ajmXK&previous_page_section_name=1000&federated_search_id=0036b3e1-6ac7-48fa-b6fd-bb4a98afa934,Postillion Hotel Amsterdam,,,,True,False,Amsterdam
https://www.airbnb.com/rooms/1218636894250131241?search_mode=regular_search&adults=1&check_in=2026-07-07&check_out=2026-07-12&children=0&infants=0&pets=0&photo_id=2511546751&source_impression_id=p3_1783394890_P3qbbWVMSX4i9PFo&previous_page_section_name=1000&federated_search_id=0036b3e1-6ac7-48fa-b6fd-bb4a98afa934,Maxhotel Amsterdam Schiphol Airport,24158.0,,,True,False,Amsterdam
https://www.airbnb.com/rooms/834233?search_mode=regular_search&adults=1&category_tag=Tag%3A8678&check_in=2026-10-05&check_out=2026-10-10&children=0&infants=0&pets=0&photo_id=8099683&source_impression_id=p3_1783394888_P3oZDLcwZB0fnqfA&previous_page_section_name=1000&federated_search_id=0036b3e1-6ac7-48fa-b6fd-bb4a98afa934,Mondriaan Amsterdam Studio,48668.0,4.91,456456.0,True,False,Amsterdam
https://www.airbnb.com/rooms/1711524601006577597?search_mode=regular_search&adults=1&check_in=2026-07-07&check_out=2026-07-12&children=0&infants=0&pets=0&photo_id=2650122582&source_impression_id=p3_1783394890_P3h-cCjo-UZnNLpr&previous_page_section_name=1000&federated_search_id=0036b3e1-6ac7-48fa-b6fd-bb4a98afa934,Hostel The Veteran,,,,True,False,Amsterdam
https://www.airbnb.com/rooms/1051276165819384554?search_mode=regular_search&adults=1&check_in=2026-07-07&check_out=2026-07-12&children=0&infants=0&pets=0&photo_id=2511546574&source_impression_id=p3_1783394890_P3oOKm5PLK8wbbaf&previous_page_section_name=1000&federated_search_id=0036b3e1-6ac7-48fa-b6fd-bb4a98afa934,Hotel Espresso Amsterdam City Centre,39393.0,,,True,False,Amsterdam
https://www.airbnb.com/rooms/1097073695230268036?search_mode=regular_search&adults=1&check_in=2026-07-12&check_out=2026-07-17&children=0&infants=0&pets=0&source_impression_id=p3_1783395981_P3oWqdBEzjjC8e_2&previous_page_section_name=1000&federated_search_id=f92a03cb-c385-423f-8354-cb14b6923a75,New 2BD/2BA Apt • Balcony • Prime & Quiet Location,30373.0,4.96,198198.0,True,False,Athens
https://www.airbnb.com/rooms/1140613235968780974?search_mode=regular_search&adults=1&check_in=2026-07-31&check_out=2026-08-05&children=0&infants=0&pets=0&source_impression_id=p3_1783395981_P37Va8JhdQAj0O2S&previous_page_section_name=1000&federated_search_id=f92a03cb-c385-423f-8354-cb14b6923a75,Aphrodite Suite Romantic Jacuzzi Fireplace Retreat,41595.0,4.99,196196.0,True,False,Athens
https://www.airbnb.com/rooms/1553107325705123023?search_mode=regular_search&adults=1&check_in=2026-07-08&check_out=2026-07-13&children=0&infants=0&pets=0&source_impression_id=p3_1783395981_P3-MyF2KlKbzMnoy&previous_page_section_name=1000&federated_search_id=f92a03cb-c385-423f-8354-cb14b6923a75,Acropolis View PrivateTerrace|Aētheryn Loft-Athens,,4.88,5858.0,True,True,Athens
https://www.airbnb.com/rooms/1454867114857900852?search_mode=regular_search&adults=1&check_in=2026-07-20&check_out=2026-07-25&children=0&infants=0&pets=0&source_impression_id=p3_1783395981_P3WWuMjcKMA7hJqx&previous_page_section_name=1000&federated_search_id=f92a03cb-c385-423f-8354-cb14b6923a75,Acroview Lofts 02,61977.0,,,True,False,Athens
https://www.airbnb.com/rooms/628473879447208738?search_mode=regular_search&adults=1&check_in=2026-07-13&check_out=2026-07-18&children=0&infants=0&pets=0&source_impression_id=p3_1783395981_P3lQ7fe_YYCi6nFq&previous_page_section_name=1000&federated_search_id=f92a03cb-c385-423f-8354-cb14b6923a75,"Guest House Studio - Private Bathroom, kitchen etc",,4.97,123123.0,True,False,Athens
https://www.airbnb.com/rooms/1016589578971991975?search_mode=regular_search&adults=1&check_in=2026-08-14&check_out=2026-08-19&children=0&infants=0&pets=0&source_impression_id=p3_1783395981_P3Zl3iPNFIIdE01b&previous_page_section_name=1000&federated_search_id=f92a03cb-c385-423f-8354-cb14b6923a75,Luxury Apartment in heart of Athens-Blue Graphite,64000.0,5.0,118118.0,True,False,Athens
https://www.airbnb.com/rooms/45429735?search_mode=regular_search&adults=1&check_in=2026-07-15&check_out=2026-07-20&children=0&infants=0&pets=0&source_impression_id=p3_1783395981_P30D2kpKiCHW0vkV&previous_page_section_name=1000&federated_search_id=f92a03cb-c385-423f-8354-cb14b6923a75,The One Acropolis | King Suite with balcony,144377.0,4.95,3838.0,True,True,Athens
https://www.airbnb.com/rooms/1703386447868254699?search_mode=regular_search&adults=1&check_in=2026-07-27&check_out=2026-08-01&children=0&infants=0&pets=0&source_impression_id=p3_1783395981_P3CLc42QSpAVZBzq&previous_page_section_name=1000&federated_search_id=f92a03cb-c385-423f-8354-cb14b6923a75,*Spotless Sanctuary* - *Fully Renovated June ‘26*,23197.0,5.0,66.0,True,True,Athens
https://www.airbnb.com/rooms/1638363160286453525?search_mode=regular_search&adults=1&check_in=2026-07-08&check_out=2026-07-13&children=0&infants=0&pets=0&source_impression_id=p3_1783395981_P3RFA4aehU9cmaEa&previous_page_section_name=1000&federated_search_id=f92a03cb-c385-423f-8354-cb14b6923a75,Emerald 2 BDs Apartment with Balcony in Exarcheia,,5.0,2323.0,True,True,Athens
https://www.airbnb.com/rooms/1173490814123005182?search_mode=regular_search&adults=1&check_in=2026-08-08&check_out=2026-08-13&children=0&infants=0&pets=0&source_impression_id=p3_1783395981_P3DJIr8b5Kkap3Ws&previous_page_section_name=1000&federated_search_id=f92a03cb-c385-423f-8354-cb14b6923a75,Elaia | Luxury Residence in Voula,,,,True,False,Athens
https://www.airbnb.com/rooms/1196928595938239400?search_mode=regular_search&adults=1&check_in=2026-10-12&check_out=2026-10-17&children=0&infants=0&pets=0&source_impression_id=p3_1783395981_P3NXyC920pNjmR7_&previous_page_section_name=1000&federated_search_id=f92a03cb-c385-423f-8354-cb14b6923a75,Casa L'on: Athenian Flat,61322.0,5.0,9191.0,True,False,Athens
https://www.airbnb.com/rooms/1670291270450862944?search_mode=regular_search&adults=1&check_in=2026-07-14&check_out=2026-07-19&children=0&infants=0&pets=0&source_impression_id=p3_1783395981_P3dHcccNexvqD7Hj&previous_page_section_name=1000&federated_search_id=f92a03cb-c385-423f-8354-cb14b6923a75,Bright & Luxurious 3BR Suite | Metro | By Museum,47176.0,5.0,55.0,True,True,Athens
https://www.airbnb.com/rooms/1658156942432280699?search_mode=regular_search&adults=1&check_in=2026-07-21&check_out=2026-07-26&children=0&infants=0&pets=0&source_impression_id=p3_1783395981_P3PpLPrzlQFoO7Nw&previous_page_section_name=1000&federated_search_id=f92a03cb-c385-423f-8354-cb14b6923a75,Historic Center Cozy Gem W/Rooftop Acropolis View!,41530.0,5.0,1111.0,True,True,Athens
https://www.airbnb.com/rooms/672406817854062322?search_mode=regular_search&adults=1&check_in=2026-08-08&check_out=2026-08-13&children=0&infants=0&pets=0&source_impression_id=p3_1783395981_P3lINPUUAMUtE205&previous_page_section_name=1000&federated_search_id=f92a03cb-c385-423f-8354-cb14b6923a75,Piraeus Port Suites 1 bedroom 4 pax,27254.0,4.92,652652.0,True,True,Athens
https://www.airbnb.com/rooms/1707038368525747024?search_mode=regular_search&adults=1&check_in=2026-07-09&check_out=2026-07-14&children=0&infants=0&pets=0&source_impression_id=p3_1783395981_P3kWkNLqIiFdN6Wc&previous_page_section_name=1000&federated_search_id=f92a03cb-c385-423f-8354-cb14b6923a75,1930s Architect-Designed Gem | 3BR 110m² Athens,,,,True,False,Athens
https://www.airbnb.com/rooms/1472258231518885297?search_mode=regular_search&adults=1&check_in=2026-07-10&check_out=2026-07-15&children=0&infants=0&pets=0&source_impression_id=p3_1783395981_P3332NLqK2v1QwAg&previous_page_section_name=1000&federated_search_id=f92a03cb-c385-423f-8354-cb14b6923a75,Luxury Penthouse by Fasma Suites,59070.0,4.96,2323.0,True,True,Athens
https://www.airbnb.com/rooms/33907725?search_mode=regular_search&adults=1&check_in=2026-08-01&check_out=2026-08-08&children=0&infants=0&pets=0&source_impression_id=p3_1783395981_P3YVIr4oY76qT--0&previous_page_section_name=1000&federated_search_id=f92a03cb-c385-423f-8354-cb14b6923a75,"Cozy, charming studio apartment",2683440.0,4.91,3434.0,True,True,Athens
https://www.airbnb.com/rooms/1655123521975051607?search_mode=regular_search&adults=1&check_in=2026-08-09&check_out=2026-08-14&children=0&infants=0&pets=0&source_impression_id=p3_1783395981_P38By8js5Axv28VT&previous_page_section_name=1000&federated_search_id=f92a03cb-c385-423f-8354-cb14b6923a75,Aelia Suite Romantic Jacuzzi Retreat Private Stay,33030.0,4.93,4242.0,True,False,Athens
https://www.airbnb.com/rooms/1624699444954979358?search_mode=regular_search&adults=1&check_in=2026-07-10&check_out=2026-07-15&children=0&infants=0&pets=0&photo_id=2547067252&source_impression_id=p3_1783396347_P3gH0qqVUgChTwnZ&previous_page_section_name=1000&federated_search_id=6e4f7226-f8a4-4015-87eb-5403e5617512,Catalonia Park Putxet Hotel,35611.0,,,True,False,Barcelona
https://www.airbnb.com/rooms/1629047931445965933?search_mode=regular_search&adults=1&check_in=2026-07-09&check_out=2026-07-14&children=0&infants=0&pets=0&photo_id=2554393183&source_impression_id=p3_1783396347_P319j_UF107iY5M0&previous_page_section_name=1000&federated_search_id=6e4f7226-f8a4-4015-87eb-5403e5617512,Hotel Ronda Lesseps,40292.0,,,True,False,Barcelona
https://www.airbnb.com/rooms/30760852?search_mode=regular_search&adults=1&check_in=2026-08-11&check_out=2026-08-16&children=0&infants=0&pets=0&source_impression_id=p3_1783396347_P3-2Z5KIhVFtGkM8&previous_page_section_name=1000&federated_search_id=6e4f7226-f8a4-4015-87eb-5403e5617512,Spacious & Trendy Apartment near Sagrada Familia,85832.0,4.87,20192019.0,True,True,Barcelona
https://www.airbnb.com/rooms/846093318788581404?search_mode=regular_search&adults=1&check_in=2026-07-11&check_out=2026-07-16&children=0&infants=0&pets=0&source_impression_id=p3_1783396346_P33bkonsEcw5svIQ&previous_page_section_name=1000&federated_search_id=6e4f7226-f8a4-4015-87eb-5403e5617512,"Cozy apartments Plaza España, 3 bedrooms",94798.0,4.73,27832783.0,True,True,Barcelona
https://www.airbnb.com/rooms/1644127533941365878?search_mode=regular_search&adults=1&check_in=2026-07-09&check_out=2026-07-14&children=0&infants=0&pets=0&photo_id=2572409276&source_impression_id=p3_1783396347_P36RO4Lk5z16lEyd&previous_page_section_name=1000&federated_search_id=6e4f7226-f8a4-4015-87eb-5403e5617512,Sercotel Sant Boi,,,,True,False,Barcelona
https://www.airbnb.com/rooms/1103565769428992702?search_mode=regular_search&adults=1&check_in=2026-08-30&check_out=2026-09-04&children=0&infants=0&pets=0&source_impression_id=p3_1783396347_P3vI2k4Z8LA61XrD&previous_page_section_name=1000&federated_search_id=6e4f7226-f8a4-4015-87eb-5403e5617512,12mal1146 - Fantastic Apartment,65817.0,5.0,77.0,True,True,Barcelona
https://www.airbnb.com/rooms/1110775765657684157?search_mode=regular_search&adults=1&check_in=2026-07-29&check_out=2026-08-03&children=0&infants=0&pets=0&source_impression_id=p3_1783396346_P3crHKxb9zg0gdN5&previous_page_section_name=1000&federated_search_id=6e4f7226-f8a4-4015-87eb-5403e5617512,2 Bedrooms Apartment,56030.0,4.9,12411241.0,True,True,Barcelona
https://www.airbnb.com/rooms/1096200855408382157?search_mode=regular_search&adults=1&check_in=2026-07-07&check_out=2026-07-12&children=0&infants=0&pets=0&photo_id=2511546119&source_impression_id=p3_1783396347_P3WcNxa-txYsAEgx&previous_page_section_name=1000&federated_search_id=6e4f7226-f8a4-4015-87eb-5403e5617512,easyHotel Barcelona Fira,43468.0,,,True,False,Barcelona
https://www.airbnb.com/rooms/602079694719233811?search_mode=regular_search&adults=1&check_in=2026-09-03&check_out=2026-09-08&children=0&infants=0&pets=0&source_impression_id=p3_1783396346_P33xqBW4NUlz0uiB&previous_page_section_name=1000&federated_search_id=6e4f7226-f8a4-4015-87eb-5403e5617512,A room one step away from everything,20052.0,4.89,1919.0,True,True,Barcelona
https://www.airbnb.com/rooms/47043666?search_mode=regular_search&adults=1&check_in=2026-07-12&check_out=2026-07-17&children=0&infants=0&pets=0&source_impression_id=p3_1783396347_P3iT-YVKGpzEso73&previous_page_section_name=1000&federated_search_id=6e4f7226-f8a4-4015-87eb-5403e5617512,Exterior double room in Hotel Praktik Bakery,,,,True,False,Barcelona
https://www.airbnb.com/rooms/1207801782174660643?search_mode=regular_search&adults=1&check_in=2026-07-24&check_out=2026-07-29&children=0&infants=0&pets=0&source_impression_id=p3_1783396347_P3nEr-wMfpjnoC5I&previous_page_section_name=1000&federated_search_id=6e4f7226-f8a4-4015-87eb-5403e5617512,A bright apartment in El Born,57429.0,,,True,False,Barcelona
https://www.airbnb.com/rooms/1471733298180337893?search_mode=regular_search&adults=1&check_in=2026-07-10&check_out=2026-07-15&children=0&infants=0&pets=0&photo_id=2515500106&source_impression_id=p3_1783396347_P35wX72Y6jzA3Axq&previous_page_section_name=1000&federated_search_id=6e4f7226-f8a4-4015-87eb-5403e5617512,The Social Hub Barcelona Poblenou,49337.0,,,True,False,Barcelona
https://www.airbnb.com/rooms/54158456?search_mode=regular_search&adults=1&check_in=2026-07-16&check_out=2026-07-21&children=0&infants=0&pets=0&source_impression_id=p3_1783396347_P3U5UBCLc8BAEdzK&previous_page_section_name=1000&federated_search_id=6e4f7226-f8a4-4015-87eb-5403e5617512,New and modern apartment in hip neighbourhood,77350.0,4.91,12021202.0,True,True,Barcelona
https://www.airbnb.com/rooms/1710045566549404199?search_mode=regular_search&adults=1&check_in=2026-09-13&check_out=2026-09-18&children=0&infants=0&pets=0&source_impression_id=p3_1783396346_P3KVY-GEYTQT8nRj&previous_page_section_name=1000&federated_search_id=6e4f7226-f8a4-4015-87eb-5403e5617512,Sweett | Rocafort 101,85184.0,,,True,False,Barcelona
https://www.airbnb.com/rooms/1704906788837184002?search_mode=regular_search&adults=1&check_in=2026-08-16&check_out=2026-08-21&children=0&infants=0&pets=0&source_impression_id=p3_1783396346_P3gZSpoAZwbN-HqD&previous_page_section_name=1000&federated_search_id=6e4f7226-f8a4-4015-87eb-5403e5617512,New Cozy 1 Bedroom Apartment,47511.0,,,True,False,Barcelona
https://www.airbnb.com/rooms/1633928135079830057?search_mode=regular_search&adults=1&check_in=2026-07-28&check_out=2026-08-02&children=0&infants=0&pets=0&photo_id=2565750092&source_impression_id=p3_1783396347_P3ZlvPLIlqKFsZkY&previous_page_section_name=1000&federated_search_id=6e4f7226-f8a4-4015-87eb-5403e5617512,Sercotel Cornellà Barcelona,33390.0,,,True,False,Barcelona
https://www.airbnb.com/rooms/1710312952242416543?search_mode=regular_search&adults=1&check_in=2026-08-06&check_out=2026-08-11&children=0&infants=0&pets=0&source_impression_id=p3_1783396347_P3W012PTud-o7XAW&previous_page_section_name=1000&federated_search_id=6e4f7226-f8a4-4015-87eb-5403e5617512,Passeig de Gràcia B - Habitat Apartments,98750.0,,,True,False,Barcelona
https://www.airbnb.com/rooms/1688437120157855284?search_mode=regular_search&adults=1&check_in=2026-07-24&check_out=2026-07-29&children=0&infants=0&pets=0&source_impression_id=p3_1783396347_P35ypW8uJiJNOEn-&previous_page_section_name=1000&federated_search_id=6e4f7226-f8a4-4015-87eb-5403e5617512,The Garden House/ Mediterranean Oasis in Barcelona,243341.0,,,True,False,Barcelona
https://www.airbnb.com/rooms/1629031122869046842?search_mode=regular_search&adults=1&check_in=2026-07-09&check_out=2026-07-14&children=0&infants=0&pets=0&photo_id=2544565438&source_impression_id=p3_1783396347_P3Hhavhud4YSvNee&previous_page_section_name=1000&federated_search_id=6e4f7226-f8a4-4015-87eb-5403e5617512,Meson Castilla Atiram Hotel,44884.0,,,True,False,Barcelona
https://www.airbnb.com/rooms/1623845411548133787?search_mode=regular_search&adults=1&check_in=2026-07-09&check_out=2026-07-14&children=0&infants=0&pets=0&photo_id=2538700910&source_impression_id=p3_1783396347_P3SwVDepdAASow8p&previous_page_section_name=1000&federated_search_id=6e4f7226-f8a4-4015-87eb-5403e5617512,Tres Torres Atiram Hotels,40975.0,,,True,False,Barcelona
https://www.airbnb.com/rooms/27643977?search_mode=regular_search&adults=1&check_in=2026-07-27&check_out=2026-08-01&children=0&infants=0&pets=0&source_impression_id=p3_1783396347_P3l2Xxc6fXSVPJyt&previous_page_section_name=1000&federated_search_id=6e4f7226-f8a4-4015-87eb-5403e5617512,Bright apartment with balcony near to Eixample,127052.0,4.82,437437.0,True,True,Barcelona
https://www.airbnb.com/rooms/1684094795418458585?search_mode=regular_search&adults=1&check_in=2026-07-28&check_out=2026-08-02&children=0&infants=0&pets=0&source_impression_id=p3_1783396346_P3aR64MxrOjzDLgI&previous_page_section_name=1000&federated_search_id=6e4f7226-f8a4-4015-87eb-5403e5617512,"3 bedrooms, bright, elegant, Sagrada Familia, AC",120452.0,,,True,False,Barcelona
https://www.airbnb.com/rooms/1644124202866481451?search_mode=regular_search&adults=1&check_in=2026-07-07&check_out=2026-07-12&children=0&infants=0&pets=0&photo_id=2565750122&source_impression_id=p3_1783396347_P3dVqR__Txf8-B7k&previous_page_section_name=1000&federated_search_id=6e4f7226-f8a4-4015-87eb-5403e5617512,Sercotel Barcelona El Prat,,,,True,False,Barcelona
https://www.airbnb.com/rooms/1681034217059144531?search_mode=regular_search&adults=1&check_in=2026-07-27&check_out=2026-08-01&children=0&infants=0&pets=0&source_impression_id=p3_1783396347_P3cIp_P_2L8ALM3Z&previous_page_section_name=1000&federated_search_id=6e4f7226-f8a4-4015-87eb-5403e5617512,Serennia Sagrada Familia,82166.0,,,True,False,Barcelona
https://www.airbnb.com/rooms/1719576529274311463?search_mode=regular_search&adults=1&check_in=2026-07-08&check_out=2026-07-13&children=0&infants=0&pets=0&source_impression_id=p3_1783396347_P3P0oyZLOp3mh9Ec&previous_page_section_name=1000&federated_search_id=6e4f7226-f8a4-4015-87eb-5403e5617512,Alaia 21 - Habitat Apartments,89474.0,,,True,False,Barcelona
https://www.airbnb.com/rooms/1629665679948505178?search_mode=regular_search&adults=1&check_in=2026-07-07&check_out=2026-07-12&children=0&infants=0&pets=0&photo_id=2531472061&source_impression_id=p3_1783396347_P3HIQlhVlyRwBTBi&previous_page_section_name=1000&federated_search_id=6e4f7226-f8a4-4015-87eb-5403e5617512,Oriente Atiram,,,,True,False,Barcelona
https://www.airbnb.com/rooms/1714405716077331742?search_mode=regular_search&adults=1&check_in=2026-07-15&check_out=2026-07-20&children=0&infants=0&pets=0&source_impression_id=p3_1783396347_P3d-3-AXINUy9ui1&previous_page_section_name=1000&federated_search_id=6e4f7226-f8a4-4015-87eb-5403e5617512,Luxury Penthouse with Terrace – City Center Oasis,144448.0,,,True,False,Barcelona
https://www.airbnb.com/rooms/1722503654969719526?search_mode=regular_search&adults=1&check_in=2026-07-09&check_out=2026-07-14&children=0&infants=0&pets=0&source_impression_id=p3_1783396346_P37Tepkr8z3PvmBL&previous_page_section_name=1000&federated_search_id=6e4f7226-f8a4-4015-87eb-5403e5617512,4 beds Condo at Eixample,95065.0,,,True,False,Barcelona
https://www.airbnb.com/rooms/1602041192209917186?search_mode=regular_search&adults=1&check_in=2026-07-21&check_out=2026-07-26&children=0&infants=0&pets=0&source_impression_id=p3_1783397309_P3aBOjnwXSU0cIry&previous_page_section_name=1000&federated_search_id=95219b84-a1a8-4911-a5f6-248a506ec9c4,Aura Suites - New Modern Apartment with own Sauna,39043.0,5.0,1111.0,True,False,Berlin
https://www.airbnb.com/rooms/1437554313983911035?search_mode=regular_search&adults=1&check_in=2026-07-27&check_out=2026-08-01&children=0&infants=0&pets=0&source_impression_id=p3_1783397309_P3YtmneAxYjCTN6s&previous_page_section_name=1000&federated_search_id=95219b84-a1a8-4911-a5f6-248a506ec9c4,Quiet apartment in Berlin Mitte,38848.0,4.95,1919.0,True,True,Berlin
https://www.airbnb.com/rooms/1722719592440149489?search_mode=regular_search&adults=1&check_in=2026-07-16&check_out=2026-07-21&children=0&infants=0&pets=0&source_impression_id=p3_1783397309_P3GvmqDY1IeabOWc&previous_page_section_name=1000&federated_search_id=95219b84-a1a8-4911-a5f6-248a506ec9c4,Lovely Apartment with Parking,83843.0,,,True,False,Berlin
https://www.airbnb.com/rooms/1722633629857875665?search_mode=regular_search&adults=1&check_in=2026-08-06&check_out=2026-08-11&children=0&infants=0&pets=0&source_impression_id=p3_1783397309_P3iCspE87vYp0ElY&previous_page_section_name=1000&federated_search_id=95219b84-a1a8-4911-a5f6-248a506ec9c4,Historical Charming Tranquillity,29763.0,,,True,False,Berlin
https://www.airbnb.com/rooms/1528833021050012199?search_mode=regular_search&adults=1&check_in=2026-07-09&check_out=2026-07-14&children=0&infants=0&pets=0&photo_id=2528900459&source_impression_id=p3_1783397311_P3bpVr1sCBcPr04J&previous_page_section_name=1000&federated_search_id=95219b84-a1a8-4911-a5f6-248a506ec9c4,B&B Hotel Berlin Alexanderplatz,34143.0,,,True,False,Berlin
https://www.airbnb.com/rooms/1162140795024884880?search_mode=regular_search&adults=1&check_in=2026-07-12&check_out=2026-07-17&children=0&infants=0&pets=0&source_impression_id=p3_1783397309_P3Gba2gsRwIreH2q&previous_page_section_name=1000&federated_search_id=95219b84-a1a8-4911-a5f6-248a506ec9c4,Numa | Large Room with sofa bed near Berlin Zoo,30737.0,,,True,False,Berlin
https://www.airbnb.com/rooms/1440368404830960024?search_mode=regular_search&adults=1&check_in=2026-07-09&check_out=2026-07-14&children=0&infants=0&pets=0&photo_id=2563132300&source_impression_id=p3_1783397311_P3YghQylGV6E4iu_&previous_page_section_name=1000&federated_search_id=95219b84-a1a8-4911-a5f6-248a506ec9c4,Hotel ROMY by AMANO,37077.0,,,True,False,Berlin
https://www.airbnb.com/rooms/1461489656921679773?search_mode=regular_search&adults=1&check_in=2026-07-15&check_out=2026-07-20&children=0&infants=0&pets=0&photo_id=2575582027&source_impression_id=p3_1783397311_P3IP2M21MwlY2TT5&previous_page_section_name=1000&federated_search_id=95219b84-a1a8-4911-a5f6-248a506ec9c4,Hotel ZOE by AMANO,31428.0,,,True,False,Berlin
https://www.airbnb.com/rooms/1385446247362929990?search_mode=regular_search&adults=1&check_in=2026-07-11&check_out=2026-07-16&children=0&infants=0&pets=0&photo_id=2570855497&source_impression_id=p3_1783397311_P3H_5HsqLevJDZk1&previous_page_section_name=1000&federated_search_id=95219b84-a1a8-4911-a5f6-248a506ec9c4,Hotel AMANO,34023.0,,,True,False,Berlin
https://www.airbnb.com/rooms/1578546374049671428?search_mode=regular_search&adults=1&check_in=2026-07-13&check_out=2026-07-18&children=0&infants=0&pets=0&source_impression_id=p3_1783397309_P3oAg5kiKgTkquMl&previous_page_section_name=1000&federated_search_id=95219b84-a1a8-4911-a5f6-248a506ec9c4,Premium Design 3 BR w/Terrace by CheckpointCharlie,77878.0,,,True,False,Berlin
https://www.airbnb.com/rooms/1182435035023787880?search_mode=regular_search&adults=1&check_in=2026-07-28&check_out=2026-08-02&children=0&infants=0&pets=0&source_impression_id=p3_1783397309_P3iqZs9x_iLKn_rQ&previous_page_section_name=1000&federated_search_id=95219b84-a1a8-4911-a5f6-248a506ec9c4,City Studio at Locke at East Side Gallery,30737.0,,,True,False,Berlin
https://www.airbnb.com/rooms/1715243884529945366?search_mode=regular_search&adults=1&check_in=2026-07-30&check_out=2026-08-04&children=0&infants=0&pets=0&source_impression_id=p3_1783397309_P34aM8qn7hv5_KiD&previous_page_section_name=1000&federated_search_id=95219b84-a1a8-4911-a5f6-248a506ec9c4,Design apartment | Friedrichshain | private entry,48406.0,,,True,False,Berlin
https://www.airbnb.com/rooms/1372529446686113868?search_mode=regular_search&adults=1&check_in=2026-08-09&check_out=2026-08-14&children=0&infants=0&pets=0&source_impression_id=p3_1783397309_P3ySrrDtV_wMv9UD&previous_page_section_name=1000&federated_search_id=95219b84-a1a8-4911-a5f6-248a506ec9c4,Remise Kreuzberg – 3 floors and terrace,94798.0,4.96,4545.0,True,True,Berlin
https://www.airbnb.com/rooms/48651189?search_mode=regular_search&adults=1&check_in=2026-08-03&check_out=2026-08-08&children=0&infants=0&pets=0&source_impression_id=p3_1783397309_P3Alm3rgvb-7MFv7&previous_page_section_name=1000&federated_search_id=95219b84-a1a8-4911-a5f6-248a506ec9c4,Fantastic houseboat in the middle of Berlin,85352.0,4.97,235235.0,True,True,Berlin
https://www.airbnb.com/rooms/1029535508091110733?search_mode=regular_search&adults=1&check_in=2026-07-09&check_out=2026-07-14&children=0&infants=0&pets=0&photo_id=2563132107&source_impression_id=p3_1783397311_P3fnk5iBvZUgG0e2&previous_page_section_name=1000&federated_search_id=95219b84-a1a8-4911-a5f6-248a506ec9c4,Hotel AMO by AMANO,36382.0,,,True,False,Berlin
https://www.airbnb.com/rooms/1512984111187353022?search_mode=regular_search&adults=1&check_in=2026-08-01&check_out=2026-08-08&children=0&infants=0&pets=0&photo_id=2594976059&source_impression_id=p3_1783397311_P30bhy5jjetgWOhF&previous_page_section_name=1000&federated_search_id=95219b84-a1a8-4911-a5f6-248a506ec9c4,The Social Hub Berlin Mitte - Long Term,29880.0,,,True,False,Berlin
https://www.airbnb.com/rooms/1648610965616364988?search_mode=regular_search&adults=1&check_in=2026-07-12&check_out=2026-07-17&children=0&infants=0&pets=0&photo_id=2612347044&source_impression_id=p3_1783397311_P3TFZYtMlLYsI0fE&previous_page_section_name=1000&federated_search_id=95219b84-a1a8-4911-a5f6-248a506ec9c4,Estrel Berlin,33202.0,,,True,False,Berlin
https://www.airbnb.com/rooms/1624772275829516960?search_mode=regular_search&adults=1&check_in=2026-07-12&check_out=2026-07-17&children=0&infants=0&pets=0&photo_id=2539922713&source_impression_id=p3_1783397311_P3R4RyWhPzA2-r2v&previous_page_section_name=1000&federated_search_id=95219b84-a1a8-4911-a5f6-248a506ec9c4,B&B HOTEL Berlin City-West,20385.0,,,True,False,Berlin
https://www.airbnb.com/rooms/1088971692273798382?search_mode=regular_search&adults=1&check_in=2026-08-03&check_out=2026-08-08&children=0&infants=0&pets=0&source_impression_id=p3_1783397309_P3PUzHbnjUrKGqUS&previous_page_section_name=1000&federated_search_id=95219b84-a1a8-4911-a5f6-248a506ec9c4,New apartment with living room,,4.93,164164.0,True,True,Berlin
https://www.airbnb.com/rooms/1686783146343623657?search_mode=regular_search&adults=1&check_in=2026-07-24&check_out=2026-07-29&children=0&infants=0&pets=0&source_impression_id=p3_1783397309_P3w7ae9y-9vYKf0G&previous_page_section_name=1000&federated_search_id=95219b84-a1a8-4911-a5f6-248a506ec9c4,Penthouse Berlin 4BR 2 Terraces WiFi,101618.0,,,True,False,Berlin
https://www.airbnb.com/rooms/1348574879310010332?search_mode=regular_search&adults=1&check_in=2026-07-18&check_out=2026-07-23&children=0&infants=0&pets=0&source_impression_id=p3_1783397309_P3PfiIGE8gkuquQF&previous_page_section_name=1000&federated_search_id=95219b84-a1a8-4911-a5f6-248a506ec9c4,Numa | Medium Studio with Kitchenette,29461.0,,,True,False,Berlin
https://www.airbnb.com/rooms/1686245096062153599?search_mode=regular_search&adults=1&check_in=2026-07-15&check_out=2026-07-20&children=0&infants=0&pets=0&source_impression_id=p3_1783397309_P3tJ8wVT6VNzeNlS&previous_page_section_name=1000&federated_search_id=95219b84-a1a8-4911-a5f6-248a506ec9c4,Parisian-Style Belle Étage · Two Spa Bathrooms,57516.0,,,True,False,Berlin
https://www.airbnb.com/rooms/917109042412215124?search_mode=regular_search&adults=1&check_in=2026-07-12&check_out=2026-07-17&children=0&infants=0&pets=0&source_impression_id=p3_1783397309_P3exqToE53fhSzlM&previous_page_section_name=1000&federated_search_id=95219b84-a1a8-4911-a5f6-248a506ec9c4,Numa | Medium Room near Savignyplatz,21978.0,4.78,935935.0,True,True,Berlin
https://www.airbnb.com/rooms/721527807549293451?search_mode=regular_search&adults=1&check_in=2026-07-11&check_out=2026-07-16&children=0&infants=0&pets=0&source_impression_id=p3_1783397309_P3g7MGnBrMZnV9CW&previous_page_section_name=1000&federated_search_id=95219b84-a1a8-4911-a5f6-248a506ec9c4,Numa | Large Studio near Checkpoint Charlie,29097.0,,,True,False,Berlin
https://www.airbnb.com/rooms/1414396812014029823?search_mode=regular_search&adults=1&check_in=2026-07-10&check_out=2026-07-15&children=0&infants=0&pets=0&photo_id=2563132085&source_impression_id=p3_1783397311_P3GAXJBwfn7Ytl1y&previous_page_section_name=1000&federated_search_id=95219b84-a1a8-4911-a5f6-248a506ec9c4,Hotel AMANO East Side,35225.0,,,True,False,Berlin
https://www.airbnb.com/rooms/1548810333041667727?search_mode=regular_search&adults=1&check_in=2026-07-13&check_out=2026-07-18&children=0&infants=0&pets=0&source_impression_id=p3_1783397309_P3Crm8tU6x-Vff-6&previous_page_section_name=1000&federated_search_id=95219b84-a1a8-4911-a5f6-248a506ec9c4,Exclusive Villa Nova in Berlin • Spacious & Cozy,60647.0,5.0,1616.0,True,True,Berlin
https://www.airbnb.com/rooms/31141186?search_mode=regular_search&adults=1&check_in=2026-09-28&check_out=2026-10-03&children=0&infants=0&pets=0&source_impression_id=p3_1783397309_P3Dbu8eX1jVFjSI3&previous_page_section_name=1000&federated_search_id=95219b84-a1a8-4911-a5f6-248a506ec9c4,120 sqm2 penthouse/attic apartment + sauna + fireplace,76856.0,4.93,150150.0,True,True,Berlin
https://www.airbnb.com/rooms/1624772462365905516?search_mode=regular_search&adults=1&check_in=2026-07-12&check_out=2026-07-17&children=0&infants=0&pets=0&photo_id=2539923677&source_impression_id=p3_1783397311_P32sILsyrQr9vV-L&previous_page_section_name=1000&federated_search_id=95219b84-a1a8-4911-a5f6-248a506ec9c4,B&B HOTEL Berlin-Tiergarten,20891.0,,,True,False,Berlin
https://www.airbnb.com/rooms/14162416?search_mode=regular_search&adults=1&check_in=2026-07-12&check_out=2026-07-17&children=0&infants=0&pets=0&source_impression_id=p3_1783398261_P3HmIykumIY2FN7P&previous_page_section_name=1000&federated_search_id=50472213-2b76-44a1-a1ea-57a98601ff70,Lovely apartment in the heart of Budapest,20442.0,4.98,379379.0,True,False,Budapest
https://www.airbnb.com/rooms/1503365529141984293?search_mode=regular_search&adults=1&check_in=2026-07-11&check_out=2026-07-16&children=0&infants=0&pets=0&source_impression_id=p3_1783398261_P3ZzWi46zDOsiMPk&previous_page_section_name=1000&federated_search_id=50472213-2b76-44a1-a1ea-57a98601ff70,Spacious&Fully-Equipped Apt. in the Modern Quarter,17912.0,5.0,2121.0,True,True,Budapest
https://www.airbnb.com/rooms/33030347?search_mode=regular_search&adults=1&check_in=2026-07-09&check_out=2026-07-14&children=0&infants=0&pets=0&source_impression_id=p3_1783398261_P38OanS_5cBDn7PK&previous_page_section_name=1000&federated_search_id=50472213-2b76-44a1-a1ea-57a98601ff70,Grand Danube Dream Home,52262.0,,,True,False,Budapest
https://www.airbnb.com/rooms/37645198?search_mode=regular_search&adults=1&check_in=2026-07-11&check_out=2026-07-16&children=0&infants=0&pets=0&source_impression_id=p3_1783398261_P3dVx6DJCIKJ6GS8&previous_page_section_name=1000&federated_search_id=50472213-2b76-44a1-a1ea-57a98601ff70,Riverside gem in the city center,42958.0,4.94,7878.0,True,False,Budapest
https://www.airbnb.com/rooms/1394047950500430804?search_mode=regular_search&adults=1&check_in=2026-07-11&check_out=2026-07-16&children=0&infants=0&pets=0&source_impression_id=p3_1783398261_P3ATZvYbyOmMlNAD&previous_page_section_name=1000&federated_search_id=50472213-2b76-44a1-a1ea-57a98601ff70,Exceptional Downtown Home,27421.0,4.88,6868.0,True,True,Budapest
https://www.airbnb.com/rooms/53870792?search_mode=regular_search&adults=1&check_in=2026-07-21&check_out=2026-07-26&children=0&infants=0&pets=0&source_impression_id=p3_1783398261_P3T6EVSkm_-XX2l6&previous_page_section_name=1000&federated_search_id=50472213-2b76-44a1-a1ea-57a98601ff70,Top Floor Penthouse with incredible City Panorama,107104.0,4.95,261261.0,True,False,Budapest
https://www.airbnb.com/rooms/921500737894197835?search_mode=regular_search&adults=1&check_in=2026-07-11&check_out=2026-07-16&children=0&infants=0&pets=0&source_impression_id=p3_1783398261_P3LwPoLtjbwap28m&previous_page_section_name=1000&federated_search_id=50472213-2b76-44a1-a1ea-57a98601ff70,Retro Chic 2-bedroom in The Center with Balcony,34488.0,4.84,183183.0,True,True,Budapest
https://www.airbnb.com/rooms/1189263357535762335?search_mode=regular_search&adults=1&check_in=2026-07-10&check_out=2026-07-15&children=0&infants=0&pets=0&source_impression_id=p3_1783398260_P3DHUkzwcfRidm7u&previous_page_section_name=1000&federated_search_id=50472213-2b76-44a1-a1ea-57a98601ff70,Minimalist-Style Home in Heart of Budapest,19525.0,4.99,158158.0,True,False,Budapest
https://www.airbnb.com/rooms/1561160237316820946?search_mode=regular_search&adults=1&check_in=2026-07-11&check_out=2026-07-16&children=0&infants=0&pets=0&source_impression_id=p3_1783398261_P31iZyOWV5T_Z_Pq&previous_page_section_name=1000&federated_search_id=50472213-2b76-44a1-a1ea-57a98601ff70,Prestige Danube Suite by Marriott & Fashion Street,22836.0,,,True,False,Budapest
https://www.airbnb.com/rooms/1392792496619914230?search_mode=regular_search&adults=1&check_in=2026-07-18&check_out=2026-07-23&children=0&infants=0&pets=0&source_impression_id=p3_1783398261_P34cZRbcHBs0Pk1x&previous_page_section_name=1000&federated_search_id=50472213-2b76-44a1-a1ea-57a98601ff70,Slow Furniture Home,28451.0,4.98,6363.0,True,False,Budapest
https://www.airbnb.com/rooms/33654951?search_mode=regular_search&adults=1&check_in=2026-07-30&check_out=2026-08-04&children=0&infants=0&pets=0&source_impression_id=p3_1783398261_P3CL1DEnKY8fRkVx&previous_page_section_name=1000&federated_search_id=50472213-2b76-44a1-a1ea-57a98601ff70,Rooftop Apt. in the Jewelry Box | Parliament view,75167.0,,,True,False,Budapest
https://www.airbnb.com/rooms/1429539692893646520?search_mode=regular_search&adults=1&check_in=2026-07-17&check_out=2026-07-22&children=0&infants=0&pets=0&source_impression_id=p3_1783398261_P3bNGOyFhdoA7tA3&previous_page_section_name=1000&federated_search_id=50472213-2b76-44a1-a1ea-57a98601ff70,Modern Chic & Classic Elegance in Central Budapest,25143.0,4.91,8787.0,True,True,Budapest
https://www.airbnb.com/rooms/849862183931882934?search_mode=regular_search&adults=1&check_in=2026-07-13&check_out=2026-07-18&children=0&infants=0&pets=0&source_impression_id=p3_1783398261_P3BgK78u2uQKjW31&previous_page_section_name=1000&federated_search_id=50472213-2b76-44a1-a1ea-57a98601ff70,Harmony Retreat Downtown BP near the Synagogue /AC,22544.0,4.83,8989.0,True,True,Budapest
https://www.airbnb.com/rooms/50763742?search_mode=regular_search&adults=1&check_in=2026-07-10&check_out=2026-07-15&children=0&infants=0&pets=0&source_impression_id=p3_1783398261_P3IDlxgpv9zVuiJt&previous_page_section_name=1000&federated_search_id=50472213-2b76-44a1-a1ea-57a98601ff70,Skyline Residence Soho ☆ with A/C and free parking,38608.0,4.98,171171.0,True,False,Budapest
https://www.airbnb.com/rooms/34729295?search_mode=regular_search&adults=1&check_in=2026-11-15&check_out=2026-11-20&children=0&infants=0&pets=0&source_impression_id=p3_1783398261_P3kBYYAvDqpyx9Pa&previous_page_section_name=1000&federated_search_id=50472213-2b76-44a1-a1ea-57a98601ff70,Skyline penthouse,18007.0,4.95,447447.0,True,True,Budapest
https://www.airbnb.com/rooms/1140498731159045206?search_mode=regular_search&adults=1&check_in=2026-07-08&check_out=2026-07-13&children=0&infants=0&pets=0&source_impression_id=p3_1783398261_P37zPQ8G653AvEFe&previous_page_section_name=1000&federated_search_id=50472213-2b76-44a1-a1ea-57a98601ff70,Super Central 2-Bedroom Dream Home w Balcony&View,49356.0,4.87,106106.0,True,True,Budapest
https://www.airbnb.com/rooms/1428887386140486137?search_mode=regular_search&adults=1&check_in=2026-07-08&check_out=2026-07-13&children=0&infants=0&pets=0&source_impression_id=p3_1783398261_P3Y5-mbwImIrMawm&previous_page_section_name=1000&federated_search_id=50472213-2b76-44a1-a1ea-57a98601ff70,Cozy Buda - Air-Conditioned Suite near to Castle,,5.0,6363.0,True,False,Budapest
https://www.airbnb.com/rooms/24926203?search_mode=regular_search&adults=1&check_in=2026-07-14&check_out=2026-07-19&children=0&infants=0&pets=0&source_impression_id=p3_1783398261_P3wphZPZVLoNlfrI&previous_page_section_name=1000&federated_search_id=50472213-2b76-44a1-a1ea-57a98601ff70,Top Castle & Chain Bridge Suite With Giant Balcony,37449.0,4.97,274274.0,True,False,Budapest
https://www.airbnb.com/rooms/1704898901427122952?search_mode=regular_search&adults=1&check_in=2026-07-15&check_out=2026-07-20&children=0&infants=0&pets=0&source_impression_id=p3_1783398654_P3QIdG63lZ73rp4G&previous_page_section_name=1000&federated_search_id=44cab95e-d620-4f75-93d2-268b56ddfe2a,O'Living - an inspiring stay by Parque das Nações,68360.0,,,True,False,Lisbon
https://www.airbnb.com/rooms/1340119163741033812?search_mode=regular_search&adults=1&check_in=2026-07-07&check_out=2026-07-12&children=0&infants=0&pets=0&photo_id=2650122583&source_impression_id=p3_1783398655_P3PG0C3tuwt8tnp_&previous_page_section_name=1000&federated_search_id=44cab95e-d620-4f75-93d2-268b56ddfe2a,VIP Executive Saldanha Hotel,32430.0,,,True,False,Lisbon
https://www.airbnb.com/rooms/1555328649473234417?search_mode=regular_search&adults=1&check_in=2026-09-29&check_out=2026-10-04&children=0&infants=0&pets=0&source_impression_id=p3_1783398654_P3vYaFdlcqbstyto&previous_page_section_name=1000&federated_search_id=44cab95e-d620-4f75-93d2-268b56ddfe2a,FLH Heart of Rossio Apartment IV,82334.0,5.0,88.0,True,True,Lisbon
https://www.airbnb.com/rooms/1399853605326576581?search_mode=regular_search&adults=1&check_in=2026-07-15&check_out=2026-07-20&children=0&infants=0&pets=0&photo_id=2504239184&source_impression_id=p3_1783398655_P3-2Io8h7oqN2NlA&previous_page_section_name=1000&federated_search_id=44cab95e-d620-4f75-93d2-268b56ddfe2a,Casa Teva Lisboa Hotel,52732.0,,,True,False,Lisbon
https://www.airbnb.com/rooms/1695539435866678513?search_mode=regular_search&adults=1&check_in=2026-07-08&check_out=2026-07-13&children=0&infants=0&pets=0&photo_id=2663447429&source_impression_id=p3_1783398655_P3Bi0Ax5qfk-PiPI&previous_page_section_name=1000&federated_search_id=44cab95e-d620-4f75-93d2-268b56ddfe2a,Hotel Acta MOA,,,,True,False,Lisbon
https://www.airbnb.com/rooms/1223186070669366370?search_mode=regular_search&adults=1&check_in=2026-07-15&check_out=2026-07-20&children=0&infants=0&pets=0&source_impression_id=p3_1783398654_P3SG-CpQY54I9ELg&previous_page_section_name=1000&federated_search_id=44cab95e-d620-4f75-93d2-268b56ddfe2a,Central Lisbon Luxury | Walk to Everything,51061.0,4.96,121121.0,True,True,Lisbon
https://www.airbnb.com/rooms/1705772408991519079?search_mode=regular_search&adults=1&check_in=2026-07-12&check_out=2026-07-17&children=0&infants=0&pets=0&source_impression_id=p3_1783398654_P3yC_eRplBFuLte7&previous_page_section_name=1000&federated_search_id=44cab95e-d620-4f75-93d2-268b56ddfe2a,Sunny Príncipe Real Villa · Patio · 4BR for 12,40021.0,,,True,False,Lisbon
https://www.airbnb.com/rooms/1642670769307352629?search_mode=regular_search&adults=1&check_in=2026-07-11&check_out=2026-07-16&children=0&infants=0&pets=0&source_impression_id=p3_1783398654_P3i7zZQmwsYVaIxD&previous_page_section_name=1000&federated_search_id=44cab95e-d620-4f75-93d2-268b56ddfe2a,"Elegant 3BR Lapa Residence | Balcony, AC & Parking",97540.0,5.0,1010.0,True,True,Lisbon
https://www.airbnb.com/rooms/1025311521887292351?search_mode=regular_search&adults=1&check_in=2026-07-07&check_out=2026-07-12&children=0&infants=0&pets=0&photo_id=2503335174&source_impression_id=p3_1783398655_P3U2qRWvVIkq8esg&previous_page_section_name=1000&federated_search_id=44cab95e-d620-4f75-93d2-268b56ddfe2a,Vincci Liberdade,38149.0,,,True,False,Lisbon
https://www.airbnb.com/rooms/1711542236662845885?search_mode=regular_search&adults=1&check_in=2026-07-12&check_out=2026-07-17&children=0&infants=0&pets=0&source_impression_id=p3_1783398654_P3-9ittcjcYibLGu&previous_page_section_name=1000&federated_search_id=44cab95e-d620-4f75-93d2-268b56ddfe2a,Marta – Gulbenkian Flat,,,,True,False,Lisbon
https://www.airbnb.com/rooms/1680316856740515248?search_mode=regular_search&adults=1&check_in=2026-07-20&check_out=2026-07-25&children=0&infants=0&pets=0&source_impression_id=p3_1783398654_P3fqx6_zEZNtvHQH&previous_page_section_name=1000&federated_search_id=44cab95e-d620-4f75-93d2-268b56ddfe2a,Elegant Alfama T2 w/ exclusive Garden & Tejo View,102528.0,,,True,False,Lisbon
https://www.airbnb.com/rooms/1552838555923872975?search_mode=regular_search&adults=1&check_in=2026-07-10&check_out=2026-07-15&children=0&infants=0&pets=0&photo_id=2519123144&source_impression_id=p3_1783398655_P3uiqeKR2Ty8DO33&previous_page_section_name=1000&federated_search_id=44cab95e-d620-4f75-93d2-268b56ddfe2a,Lumen Hotel & The Lisbon Light Show,49198.0,,,True,False,Lisbon
https://www.airbnb.com/rooms/1699538116839903307?search_mode=regular_search&adults=1&check_in=2026-07-12&check_out=2026-07-17&children=0&infants=0&pets=0&source_impression_id=p3_1783398654_P3HBGcJ3zi_yvmz2&previous_page_section_name=1000&federated_search_id=44cab95e-d620-4f75-93d2-268b56ddfe2a,Alfama Family Retreat Apart. w/Garden& RiverView,84813.0,,,True,False,Lisbon
https://www.airbnb.com/rooms/1333903379219800851?search_mode=regular_search&adults=1&check_in=2026-07-07&check_out=2026-07-12&children=0&infants=0&pets=0&photo_id=2654687948&source_impression_id=p3_1783398655_P3O0jx1TtO7LfIUh&previous_page_section_name=1000&federated_search_id=44cab95e-d620-4f75-93d2-268b56ddfe2a,VIP Executive Zurique,,,,True,False,Lisbon
https://www.airbnb.com/rooms/1721639164968037683?search_mode=regular_search&adults=1&check_in=2026-07-26&check_out=2026-07-31&children=0&infants=0&pets=0&source_impression_id=p3_1783398654_P3TZNxROyIem581N&previous_page_section_name=1000&federated_search_id=44cab95e-d620-4f75-93d2-268b56ddfe2a,Bright & Luxurious Stay Av. Liberdade w/Terrace,65677.0,,,True,False,Lisbon
https://www.airbnb.com/rooms/1679053245398608775?search_mode=regular_search&adults=1&check_in=2026-07-08&check_out=2026-07-13&children=0&infants=0&pets=0&photo_id=2660011588&source_impression_id=p3_1783398655_P3NeEF4GcUZ2OvW_&previous_page_section_name=1000&federated_search_id=44cab95e-d620-4f75-93d2-268b56ddfe2a,Gat Rossio,28844.0,,,True,False,Lisbon
https://www.airbnb.com/rooms/1693345982978097970?search_mode=regular_search&adults=1&check_in=2026-07-14&check_out=2026-07-19&children=0&infants=0&pets=0&source_impression_id=p3_1783398654_P3zPBgFteGh55Gri&previous_page_section_name=1000&federated_search_id=44cab95e-d620-4f75-93d2-268b56ddfe2a,Walk Everywhere | Santa Justa Apartment w/ AC,60786.0,,,True,False,Lisbon
https://www.airbnb.com/rooms/1680498756037292833?search_mode=regular_search&adults=1&check_in=2026-07-12&check_out=2026-07-17&children=0&infants=0&pets=0&source_impression_id=p3_1783398654_P35PPx4jatN3H-K7&previous_page_section_name=1000&federated_search_id=44cab95e-d620-4f75-93d2-268b56ddfe2a,Estrela Skyline Retreat with Terrace,45932.0,,,True,False,Lisbon
https://www.airbnb.com/rooms/1693007743845821397?search_mode=regular_search&adults=1&check_in=2026-09-24&check_out=2026-09-29&children=0&infants=0&pets=0&source_impression_id=p3_1783398654_P3GtssK3NiTfMUHj&previous_page_section_name=1000&federated_search_id=44cab95e-d620-4f75-93d2-268b56ddfe2a,Alma – Chic Riverfront Retreat incl. Free Parking,50027.0,,,True,False,Lisbon
https://www.airbnb.com/rooms/1720355993183357216?search_mode=regular_search&adults=1&check_in=2026-07-09&check_out=2026-07-14&children=0&infants=0&pets=0&source_impression_id=p3_1783398654_P3BYY3W5bFq5leZ0&previous_page_section_name=1000&federated_search_id=44cab95e-d620-4f75-93d2-268b56ddfe2a,"By the Castle, Stylish & Comfy, Family-Friendly",43477.0,,,True,False,Lisbon
https://www.airbnb.com/rooms/1699933374137230468?search_mode=regular_search&adults=1&check_in=2026-07-17&check_out=2026-07-22&children=0&infants=0&pets=0&source_impression_id=p3_1783398654_P3OgbchiMFlAWzkJ&previous_page_section_name=1000&federated_search_id=44cab95e-d620-4f75-93d2-268b56ddfe2a,Work-Ready 3-Bed in Alvalade · Office · Sleeps 6,43464.0,,,True,False,Lisbon
https://www.airbnb.com/rooms/1714578845616093666?search_mode=regular_search&adults=1&check_in=2026-07-08&check_out=2026-07-13&children=0&infants=0&pets=0&source_impression_id=p3_1783398654_P3NleRhynAQRCsQ4&previous_page_section_name=1000&federated_search_id=44cab95e-d620-4f75-93d2-268b56ddfe2a,Bright & Elegant Duplex in Baixa-Chiado,62536.0,,,True,False,Lisbon
https://www.airbnb.com/rooms/1582461083149298694?search_mode=regular_search&adults=1&check_in=2026-07-28&check_out=2026-08-02&children=0&infants=0&pets=0&source_impression_id=p3_1783398654_P3LLu_uYR7e-lciq&previous_page_section_name=1000&federated_search_id=44cab95e-d620-4f75-93d2-268b56ddfe2a,Les Deux Mariettes Pink House,37985.0,,,True,False,Lisbon
https://www.airbnb.com/rooms/1350695427780063089?search_mode=regular_search&adults=1&check_in=2026-07-07&check_out=2026-07-12&children=0&infants=0&pets=0&photo_id=2650122642&source_impression_id=p3_1783398655_P3lmD9X3f65i4sir&previous_page_section_name=1000&federated_search_id=44cab95e-d620-4f75-93d2-268b56ddfe2a,VIP Executive Picoas Hotel,,,,True,False,Lisbon
https://www.airbnb.com/rooms/1350692984557120840?search_mode=regular_search&adults=1&check_in=2026-07-09&check_out=2026-07-14&children=0&infants=0&pets=0&photo_id=2650122950&source_impression_id=p3_1783398655_P3VYkgZLDKTJoJYI&previous_page_section_name=1000&federated_search_id=44cab95e-d620-4f75-93d2-268b56ddfe2a,VIP Executive Art’s Hotel,31534.0,,,True,False,Lisbon
https://www.airbnb.com/rooms/1610204056984411806?search_mode=regular_search&adults=1&check_in=2026-07-10&check_out=2026-07-15&children=0&infants=0&pets=0&photo_id=2536757501&source_impression_id=p3_1783398655_P3HMN7Q_bvFy1-0n&previous_page_section_name=1000&federated_search_id=44cab95e-d620-4f75-93d2-268b56ddfe2a,JAM Lisbon,39953.0,,,True,False,Lisbon
https://www.airbnb.com/rooms/1673985410784422682?search_mode=regular_search&adults=1&check_in=2026-07-11&check_out=2026-07-16&children=0&infants=0&pets=0&source_impression_id=p3_1783398654_P3c4_oEbY_xoWcUg&previous_page_section_name=1000&federated_search_id=44cab95e-d620-4f75-93d2-268b56ddfe2a,Stylish apartment in the heart of Lisbon.,37598.0,,,True,False,Lisbon
https://www.airbnb.com/rooms/972629417580421853?search_mode=regular_search&adults=1&check_in=2026-09-19&check_out=2026-09-24&children=0&infants=0&pets=0&source_impression_id=p3_1783398654_P3VKQtAWIIKgg7Ux&previous_page_section_name=1000&federated_search_id=44cab95e-d620-4f75-93d2-268b56ddfe2a,Sunlit&Cozy Studio near Pr. Real,1316636.0,4.95,184184.0,True,False,Lisbon
https://www.airbnb.com/rooms/1663673040798117383?search_mode=regular_search&adults=1&check_in=2026-07-10&check_out=2026-07-15&children=0&infants=0&pets=0&photo_id=2619350987&source_impression_id=p3_1783399723_P3snAwiUBAsosFJu&previous_page_section_name=1000&federated_search_id=f5766528-1d4c-49f2-bbea-d7a469ab1fd1,Staycity Aparthotels London Greenwich,51676.0,,,True,False,London
https://www.airbnb.com/rooms/1462945883362280845?search_mode=regular_search&adults=1&check_in=2026-07-19&check_out=2026-07-24&children=0&infants=0&pets=0&photo_id=2510226498&source_impression_id=p3_1783399723_P35qOO8MvkLTi1Rq&previous_page_section_name=1000&federated_search_id=f5766528-1d4c-49f2-bbea-d7a469ab1fd1,Studios2Let Bloomsbury,,,,True,False,London
https://www.airbnb.com/rooms/1401392283848692154?search_mode=regular_search&adults=1&check_in=2026-07-12&check_out=2026-07-17&children=0&infants=0&pets=0&photo_id=2527241696&source_impression_id=p3_1783399723_P3mERKTOcUpEdZyr&previous_page_section_name=1000&federated_search_id=f5766528-1d4c-49f2-bbea-d7a469ab1fd1,Rockwell East,73340.0,,,True,False,London
https://www.airbnb.com/rooms/1107164413409711566?search_mode=regular_search&adults=1&check_in=2026-07-23&check_out=2026-07-28&children=0&infants=0&pets=0&photo_id=2591876607&source_impression_id=p3_1783399723_P3wxjVBXuSfaNukg&previous_page_section_name=1000&federated_search_id=f5766528-1d4c-49f2-bbea-d7a469ab1fd1,Oops!,68924.0,,,False,False,London
https://www.airbnb.com/rooms/1717349976491497744?search_mode=regular_search&adults=1&check_in=2026-07-09&check_out=2026-07-14&children=0&infants=0&pets=0&source_impression_id=p3_1783399722_P37iGSrUTRsf2Yqg&previous_page_section_name=1000&federated_search_id=f5766528-1d4c-49f2-bbea-d7a469ab1fd1,"London W6 - Luxe, Sauna, Bath, Parking & Cinema",172283.0,,,True,False,London
https://www.airbnb.com/rooms/1455203184571357680?search_mode=regular_search&adults=1&check_in=2026-08-27&check_out=2026-09-01&children=0&infants=0&pets=0&photo_id=2522878410&source_impression_id=p3_1783399723_P35MNuDGq12Hv1j_&previous_page_section_name=1000&federated_search_id=f5766528-1d4c-49f2-bbea-d7a469ab1fd1,Regency House Hotel,45443.0,,,True,False,London
https://www.airbnb.com/rooms/1707086191306138048?search_mode=regular_search&adults=1&check_in=2026-09-12&check_out=2026-09-17&children=0&infants=0&pets=0&source_impression_id=p3_1783399722_P3ziEewsrZSFDcWS&previous_page_section_name=1000&federated_search_id=f5766528-1d4c-49f2-bbea-d7a469ab1fd1,Cozy 2BR by Tower Bridge & The Shard,104561.0,,,True,False,London
https://www.airbnb.com/rooms/1692301550313330705?search_mode=regular_search&adults=1&check_in=2026-07-23&check_out=2026-07-28&children=0&infants=0&pets=0&source_impression_id=p3_1783399722_P3Kg1XIC6xm56Jq9&previous_page_section_name=1000&federated_search_id=f5766528-1d4c-49f2-bbea-d7a469ab1fd1,Elegant Holland Road Retreat | 2BR • 2BA •Sleeps 8,154892.0,,,True,False,London
https://www.airbnb.com/rooms/1647827054440611588?search_mode=regular_search&adults=1&check_in=2026-07-11&check_out=2026-07-16&children=0&infants=0&pets=0&photo_id=2570855589&source_impression_id=p3_1783399723_P30QujVC5axQ7Cev&previous_page_section_name=1000&federated_search_id=f5766528-1d4c-49f2-bbea-d7a469ab1fd1,Maitrise Hotel Maida Vale - London,40051.0,,,True,False,London
https://www.airbnb.com/rooms/1705354051170336264?search_mode=regular_search&adults=1&check_in=2026-08-30&check_out=2026-09-04&children=0&infants=0&pets=0&source_impression_id=p3_1783399722_P39SbWyMB50WMkGr&previous_page_section_name=1000&federated_search_id=f5766528-1d4c-49f2-bbea-d7a469ab1fd1,12min-BigBen-FreeParking-2min walk to underground,81398.0,,,True,False,London
https://www.airbnb.com/rooms/943253582139490884?search_mode=regular_search&adults=1&check_in=2026-10-29&check_out=2026-11-03&children=0&infants=0&pets=0&source_impression_id=p3_1783399722_P38qpWA5I_3NOBsR&previous_page_section_name=1000&federated_search_id=f5766528-1d4c-49f2-bbea-d7a469ab1fd1,12min to BigBen-FreePark-2min walk to underground,73729.0,4.98,5353.0,True,True,London
https://www.airbnb.com/rooms/1290305776347636459?search_mode=regular_search&adults=1&check_in=2026-08-10&check_out=2026-08-15&children=0&infants=0&pets=0&source_impression_id=p3_1783399722_P38HC-4LjaFPxjiU&previous_page_section_name=1000&federated_search_id=f5766528-1d4c-49f2-bbea-d7a469ab1fd1,Central 1Bed 1Bath 4ppl / 1min Russel Square Tube,84408.0,,,True,False,London
https://www.airbnb.com/rooms/1684654700571949776?search_mode=regular_search&adults=1&check_in=2026-07-25&check_out=2026-07-30&children=0&infants=0&pets=0&source_impression_id=p3_1783399722_P3oVb1mzTwko0gfF&previous_page_section_name=1000&federated_search_id=f5766528-1d4c-49f2-bbea-d7a469ab1fd1,One Bedroom Apartment Near 36 York St.,,,,True,False,London
https://www.airbnb.com/rooms/1718893092601520488?search_mode=regular_search&adults=1&check_in=2026-07-14&check_out=2026-07-19&children=0&infants=0&pets=0&source_impression_id=p3_1783399722_P3wLWp-KGFn5h5BT&previous_page_section_name=1000&federated_search_id=f5766528-1d4c-49f2-bbea-d7a469ab1fd1,York Suites Marylebone Stylish Serviced Apartments,57188.0,,,True,False,London
https://www.airbnb.com/rooms/1659276604029181120?search_mode=regular_search&adults=1&check_in=2026-07-08&check_out=2026-07-13&children=0&infants=0&pets=0&photo_id=2615490630&source_impression_id=p3_1783399723_P3E2xjtu8dV5Fes3&previous_page_section_name=1000&federated_search_id=f5766528-1d4c-49f2-bbea-d7a469ab1fd1,Otherwander Soho - Adults Only,,,,True,False,London
https://www.airbnb.com/rooms/48444394?search_mode=regular_search&adults=1&check_in=2026-08-31&check_out=2026-09-05&children=0&infants=0&pets=0&source_impression_id=p3_1783399722_P3jsXzmJI87Gy_9f&previous_page_section_name=1000&federated_search_id=f5766528-1d4c-49f2-bbea-d7a469ab1fd1,Warehouse Conversion In The Heart Of Shoreditch,,4.92,4848.0,True,True,London
https://www.airbnb.com/rooms/1295826545168582003?search_mode=regular_search&adults=1&check_in=2026-08-16&check_out=2026-08-21&children=0&infants=0&pets=0&source_impression_id=p3_1783399722_P354QwrQgoK3KQXn&previous_page_section_name=1000&federated_search_id=f5766528-1d4c-49f2-bbea-d7a469ab1fd1,"Ample, modern flat with terrace",80155.0,5.0,66.0,True,False,London
https://www.airbnb.com/rooms/1692588473990465473?search_mode=regular_search&adults=1&check_in=2026-11-28&check_out=2026-12-03&children=0&infants=0&pets=0&source_impression_id=p3_1783399722_P3l-hxRxG1tn5Civ&previous_page_section_name=1000&federated_search_id=f5766528-1d4c-49f2-bbea-d7a469ab1fd1,Quiet 3BR 2 Bath Luxe Duplex w/ A/C + Free Parking,91579.0,,,True,False,London
https://www.airbnb.com/rooms/1615124202450010549?search_mode=regular_search&adults=1&check_in=2026-07-11&check_out=2026-07-16&children=0&infants=0&pets=0&photo_id=2541191826&source_impression_id=p3_1783399723_P3u6tdHwe1ht7bq8&previous_page_section_name=1000&federated_search_id=f5766528-1d4c-49f2-bbea-d7a469ab1fd1,Point A Kensington,44216.0,,,True,False,London
https://www.airbnb.com/rooms/1706474109804303141?search_mode=regular_search&adults=1&check_in=2026-07-19&check_out=2026-07-24&children=0&infants=0&pets=0&source_impression_id=p3_1783399722_P3Uv4pPcXThtOgoe&previous_page_section_name=1000&federated_search_id=f5766528-1d4c-49f2-bbea-d7a469ab1fd1,"2 Bedroom Flat, 1 Bathroom, furnished living room.",62750.0,,,True,False,London
https://www.airbnb.com/rooms/1683272052461228808?search_mode=regular_search&adults=1&check_in=2026-07-12&check_out=2026-07-17&children=0&infants=0&pets=0&source_impression_id=p3_1783399722_P3nu6P4U8Z2GXAaW&previous_page_section_name=1000&federated_search_id=f5766528-1d4c-49f2-bbea-d7a469ab1fd1,Bright Whole-Floor Flat in Prime Chelsea SW10,105510.0,,,True,False,London
https://www.airbnb.com/rooms/1716871477200782440?search_mode=regular_search&adults=1&check_in=2026-08-20&check_out=2026-08-25&children=0&infants=0&pets=0&source_impression_id=p3_1783399722_P3Oi8pcyg-tdPuT8&previous_page_section_name=1000&federated_search_id=f5766528-1d4c-49f2-bbea-d7a469ab1fd1,"Huge Balcony, King Beds Ensuite by Nine Elms Tube",196886.0,,,True,False,London
https://www.airbnb.com/rooms/1644990154667538461?search_mode=regular_search&adults=1&check_in=2026-08-09&check_out=2026-08-14&children=0&infants=0&pets=0&photo_id=2567144290&source_impression_id=p3_1783399723_P338Q8YGpD_8TegD&previous_page_section_name=1000&federated_search_id=f5766528-1d4c-49f2-bbea-d7a469ab1fd1,Shoreditch Inn,33589.0,,,True,False,London
https://www.airbnb.com/rooms/1687162816771375088?search_mode=regular_search&adults=1&check_in=2026-08-03&check_out=2026-08-08&children=0&infants=0&pets=0&source_impression_id=p3_1783399722_P3e91Gkr-G8aioWV&previous_page_section_name=1000&federated_search_id=f5766528-1d4c-49f2-bbea-d7a469ab1fd1,Apartment in Canary Wharf,59936.0,5.0,1313.0,True,True,London
https://www.airbnb.com/rooms/1297823381721193557?search_mode=regular_search&adults=1&check_in=2026-08-06&check_out=2026-08-11&children=0&infants=0&pets=0&source_impression_id=p3_1783399722_P3DXyqtXPUACwbX0&previous_page_section_name=1000&federated_search_id=f5766528-1d4c-49f2-bbea-d7a469ab1fd1,1 bedroom in central London,44059.0,,,True,False,London
https://www.airbnb.com/rooms/1695745730426572493?search_mode=regular_search&adults=1&check_in=2026-07-24&check_out=2026-07-29&children=0&infants=0&pets=0&source_impression_id=p3_1783399722_P35wuK5L4oyJz3JR&previous_page_section_name=1000&federated_search_id=f5766528-1d4c-49f2-bbea-d7a469ab1fd1,Victorian Garden Retreat in Sydenham,76556.0,,,True,False,London
https://www.airbnb.com/rooms/1711028251651055049?search_mode=regular_search&adults=1&check_in=2026-07-31&check_out=2026-08-05&children=0&infants=0&pets=0&source_impression_id=p3_1783399722_P3_E9nt5Yw9hTyev&previous_page_section_name=1000&federated_search_id=f5766528-1d4c-49f2-bbea-d7a469ab1fd1,Central 2 bed Near Lord’s Cricket & Little Venice,68770.0,,,True,False,London
https://www.airbnb.com/rooms/1350708559893906434?search_mode=regular_search&adults=1&check_in=2026-07-08&check_out=2026-07-13&children=0&infants=0&pets=0&photo_id=2506731891&source_impression_id=p3_1783399723_P3mLga_FFP0LiYcR&previous_page_section_name=1000&federated_search_id=f5766528-1d4c-49f2-bbea-d7a469ab1fd1,Roomzzz Aparthotel London Stratford,55673.0,,,True,False,London
https://www.airbnb.com/rooms/1697026019418662246?search_mode=regular_search&adults=1&check_in=2026-07-18&check_out=2026-07-23&children=0&infants=0&pets=0&source_impression_id=p3_1783400813_P3pMu_GeiYWmDyA7&previous_page_section_name=1000&federated_search_id=e0d8edc9-ef07-4eca-b55f-6fba13fecc90,"Air-conditioned apartment near the center - Wi-Fi, TV",60349.0,,,True,False,Rome
https://www.airbnb.com/rooms/1552780301020669823?search_mode=regular_search&adults=1&check_in=2026-07-09&check_out=2026-07-14&children=0&infants=0&pets=0&photo_id=2538701481&source_impression_id=p3_1783400815_P3MlWzluJo8dHbQD&previous_page_section_name=1000&federated_search_id=e0d8edc9-ef07-4eca-b55f-6fba13fecc90,Rome Ciampino Smart Hotel,26602.0,,,True,False,Rome
https://www.airbnb.com/rooms/1594096459467503286?search_mode=regular_search&adults=1&check_in=2026-07-07&check_out=2026-07-12&children=0&infants=0&pets=0&photo_id=2538701870&source_impression_id=p3_1783400815_P3LD4t7hLzKFJqIv&previous_page_section_name=1000&federated_search_id=e0d8edc9-ef07-4eca-b55f-6fba13fecc90,Hotel Madison,,,,True,False,Rome
https://www.airbnb.com/rooms/1686297323652967449?search_mode=regular_search&adults=1&check_in=2026-07-07&check_out=2026-07-12&children=0&infants=0&pets=0&source_impression_id=p3_1783400813_P38S8yKbgMS_iOnj&previous_page_section_name=1000&federated_search_id=e0d8edc9-ef07-4eca-b55f-6fba13fecc90,AT 203 - NEW and spacious designer apartment near the Vatican,,,,True,False,Rome
https://www.airbnb.com/rooms/1705612871132876496?search_mode=regular_search&adults=1&check_in=2026-07-13&check_out=2026-07-18&children=0&infants=0&pets=0&source_impression_id=p3_1783400813_P3CA-fGhGfee05mR&previous_page_section_name=1000&federated_search_id=e0d8edc9-ef07-4eca-b55f-6fba13fecc90,Trastevere Luxury Loft: Private Terrace & Quiet,68936.0,,,True,False,Rome
https://www.airbnb.com/rooms/1678388141444737117?search_mode=regular_search&adults=1&check_in=2026-08-04&check_out=2026-08-09&children=0&infants=0&pets=0&source_impression_id=p3_1783400813_P3GoT9IL3oo0suUg&previous_page_section_name=1000&federated_search_id=e0d8edc9-ef07-4eca-b55f-6fba13fecc90,Cesare Guest House • Spacious Family Apartment,31909.0,,,True,False,Rome
https://www.airbnb.com/rooms/1666890444030015466?search_mode=regular_search&adults=1&check_in=2026-07-07&check_out=2026-07-12&children=0&infants=0&pets=0&source_impression_id=p3_1783400813_P3ZqXlVhvPz5xP5i&previous_page_section_name=1000&federated_search_id=e0d8edc9-ef07-4eca-b55f-6fba13fecc90,Luxury Apartment | 10 pax | 3 Rooms & 3 Bathrooms,,,,True,False,Rome
https://www.airbnb.com/rooms/1394975712525370114?search_mode=regular_search&adults=1&check_in=2026-07-15&check_out=2026-07-20&children=0&infants=0&pets=0&photo_id=2538702092&source_impression_id=p3_1783400815_P3lxWE7uqAbO-BW5&previous_page_section_name=1000&federated_search_id=e0d8edc9-ef07-4eca-b55f-6fba13fecc90,MDM Guest House,29931.0,,,True,False,Rome
https://www.airbnb.com/rooms/1594078904800818794?search_mode=regular_search&adults=1&check_in=2026-07-25&check_out=2026-07-30&children=0&infants=0&pets=0&photo_id=2575939918&source_impression_id=p3_1783400815_P3JNxmpR1PF8mZ5U&previous_page_section_name=1000&federated_search_id=e0d8edc9-ef07-4eca-b55f-6fba13fecc90,Hotel Galatea,49849.0,,,True,False,Rome
https://www.airbnb.com/rooms/1379909199701526204?search_mode=regular_search&adults=1&check_in=2026-07-11&check_out=2026-07-16&children=0&infants=0&pets=0&source_impression_id=p3_1783400813_P37kGUHMKdJOJDbw&previous_page_section_name=1000&federated_search_id=e0d8edc9-ef07-4eca-b55f-6fba13fecc90,Charming apartment near Colosseo• Private Garden,59168.0,4.97,6565.0,True,False,Rome
https://www.airbnb.com/rooms/507715164199939329?search_mode=regular_search&adults=1&check_in=2026-07-10&check_out=2026-07-15&children=0&infants=0&pets=0&source_impression_id=p3_1783400813_P3XNpJ7Ymm-3keMg&previous_page_section_name=1000&federated_search_id=e0d8edc9-ef07-4eca-b55f-6fba13fecc90,Magnoliahome at St. Peter's Dome,43599.0,4.91,137137.0,True,True,Rome
https://www.airbnb.com/rooms/1640653953921546007?search_mode=regular_search&adults=1&check_in=2026-07-07&check_out=2026-07-12&children=0&infants=0&pets=0&source_impression_id=p3_1783400813_P35HET52z1Dnjhub&previous_page_section_name=1000&federated_search_id=e0d8edc9-ef07-4eca-b55f-6fba13fecc90,Design apartment | Villa Borghese - Rome Center,,5.0,1818.0,True,True,Rome
https://www.airbnb.com/rooms/1673975360866411342?search_mode=regular_search&adults=1&check_in=2026-07-16&check_out=2026-07-21&children=0&infants=0&pets=0&photo_id=2698428323&source_impression_id=p3_1783400815_P3lITeabVq6yxvWo&previous_page_section_name=1000&federated_search_id=e0d8edc9-ef07-4eca-b55f-6fba13fecc90,Domus Ancona,28659.0,,,True,False,Rome
https://www.airbnb.com/rooms/1508053195435584004?search_mode=regular_search&adults=1&check_in=2026-07-25&check_out=2026-07-30&children=0&infants=0&pets=0&source_impression_id=p3_1783400813_P3_ht440lcgZfHuX&previous_page_section_name=1000&federated_search_id=e0d8edc9-ef07-4eca-b55f-6fba13fecc90,Colosseo San Giovanni Luxury House,59700.0,4.96,2828.0,True,False,Rome
https://www.airbnb.com/rooms/1698784915818289333?search_mode=regular_search&adults=1&check_in=2026-07-26&check_out=2026-07-31&children=0&infants=0&pets=0&source_impression_id=p3_1783400813_P3FjVsK43Y9CfJC3&previous_page_section_name=1000&federated_search_id=e0d8edc9-ef07-4eca-b55f-6fba13fecc90,Monteverde Marí House,34198.0,,,True,False,Rome
https://www.airbnb.com/rooms/1699885925182545365?search_mode=regular_search&adults=1&check_in=2026-07-14&check_out=2026-07-19&children=0&infants=0&pets=0&photo_id=2638611205&source_impression_id=p3_1783400815_P3xfVqub7iAMGwJe&previous_page_section_name=1000&federated_search_id=e0d8edc9-ef07-4eca-b55f-6fba13fecc90,Hotel Sonya,41871.0,,,True,False,Rome
https://www.airbnb.com/rooms/1593495897144750810?search_mode=regular_search&adults=1&check_in=2026-07-07&check_out=2026-07-12&children=0&infants=0&pets=0&photo_id=2676952418&source_impression_id=p3_1783400815_P3ptci_ttZjl0ZMD&previous_page_section_name=1000&federated_search_id=e0d8edc9-ef07-4eca-b55f-6fba13fecc90,Adoro Hotel,45936.0,,,True,False,Rome
https://www.airbnb.com/rooms/1684331262068974280?search_mode=regular_search&adults=1&check_in=2026-07-21&check_out=2026-07-26&children=0&infants=0&pets=0&source_impression_id=p3_1783400813_P3qqECHHOtdagHLz&previous_page_section_name=1000&federated_search_id=e0d8edc9-ef07-4eca-b55f-6fba13fecc90,Art & Design | St. Peter’s | Walk Everywhere,29681.0,,,True,False,Rome
https://www.airbnb.com/rooms/1686158731503511313?search_mode=regular_search&adults=1&check_in=2026-07-12&check_out=2026-07-17&children=0&infants=0&pets=0&source_impression_id=p3_1783400813_P3nSl1f-Lf2Bovrc&previous_page_section_name=1000&federated_search_id=e0d8edc9-ef07-4eca-b55f-6fba13fecc90,Clausim Di Rienzo: elegant new apartment at the Vatican,50977.0,,,True,False,Rome
https://www.airbnb.com/rooms/1550775967825425825?search_mode=regular_search&adults=1&check_in=2026-07-19&check_out=2026-07-24&children=0&infants=0&pets=0&source_impression_id=p3_1783400813_P3cTazMrdzPyha2D&previous_page_section_name=1000&federated_search_id=e0d8edc9-ef07-4eca-b55f-6fba13fecc90,Cozy apartment near the Vatican - 2 min to metro,49045.0,5.0,2020.0,True,False,Rome
https://www.airbnb.com/rooms/1594146598509083463?search_mode=regular_search&adults=1&check_in=2026-07-09&check_out=2026-07-14&children=0&infants=0&pets=0&photo_id=2538700552&source_impression_id=p3_1783400815_P3vLprbGTSPMjJq5&previous_page_section_name=1000&federated_search_id=e0d8edc9-ef07-4eca-b55f-6fba13fecc90,Hotel XX Settembre,,,,True,False,Rome
https://www.airbnb.com/rooms/1663131531760524430?search_mode=regular_search&adults=1&check_in=2026-07-25&check_out=2026-07-30&children=0&infants=0&pets=0&source_impression_id=p3_1783400813_P3IwZgpPQG0aBS_N&previous_page_section_name=1000&federated_search_id=e0d8edc9-ef07-4eca-b55f-6fba13fecc90,600m from the Colosseum • Colosseum Exclusive Stay,63385.0,,,True,False,Rome
https://www.airbnb.com/rooms/1704249169305685388?search_mode=regular_search&adults=1&check_in=2026-07-11&check_out=2026-07-16&children=0&infants=0&pets=0&source_impression_id=p3_1783400813_P37R59duWfPy4baN&previous_page_section_name=1000&federated_search_id=e0d8edc9-ef07-4eca-b55f-6fba13fecc90,Skylife Paradise Penthouse,145328.0,,,True,False,Rome
https://www.airbnb.com/rooms/1705164978149527575?search_mode=regular_search&adults=1&check_in=2026-07-20&check_out=2026-07-25&children=0&infants=0&pets=0&source_impression_id=p3_1783400813_P3G_h7Blx8h_AKzY&previous_page_section_name=1000&federated_search_id=e0d8edc9-ef07-4eca-b55f-6fba13fecc90,Coronari 114 - FHTR,54945.0,,,True,False,Rome
https://www.airbnb.com/rooms/1299249084777776611?search_mode=regular_search&adults=1&check_in=2026-07-09&check_out=2026-07-14&children=0&infants=0&pets=0&source_impression_id=p3_1783400813_P3gOfJCTmBVe20aW&previous_page_section_name=1000&federated_search_id=e0d8edc9-ef07-4eca-b55f-6fba13fecc90,200 steps from the Vatican • Graceful 2-room refuge,47679.0,4.97,147147.0,True,False,Rome
https://www.airbnb.com/rooms/1594205144419345975?search_mode=regular_search&adults=1&check_in=2026-07-17&check_out=2026-07-22&children=0&infants=0&pets=0&photo_id=2538701260&source_impression_id=p3_1783400815_P3Arysd9kOX2ID7x&previous_page_section_name=1000&federated_search_id=e0d8edc9-ef07-4eca-b55f-6fba13fecc90,Parioli Cube,45716.0,,,True,False,Rome
https://www.airbnb.com/rooms/1700733347733110876?search_mode=regular_search&adults=1&check_in=2026-07-07&check_out=2026-07-12&children=0&infants=0&pets=0&photo_id=2643074235&source_impression_id=p3_1783400815_P3qQmUPIReGz452H&previous_page_section_name=1000&federated_search_id=e0d8edc9-ef07-4eca-b55f-6fba13fecc90,The Social Hub Rome,52949.0,,,True,False,Rome
https://www.airbnb.com/rooms/1710116017560542186?search_mode=regular_search&adults=1&check_in=2026-11-08&check_out=2026-11-13&children=0&infants=0&pets=0&source_impression_id=p3_1783400813_P3Trzbo0hdxCHy1n&previous_page_section_name=1000&federated_search_id=e0d8edc9-ef07-4eca-b55f-6fba13fecc90,Leutari 17 Dimora Venere | Piazza Navona,65174.0,,,True,False,Rome
https://www.airbnb.com/rooms/1722428239608538096?search_mode=regular_search&adults=1&check_in=2026-07-07&check_out=2026-07-12&children=0&infants=0&pets=0&source_impression_id=p3_1783401850_P3qSE6Wf-E_oOA4X&previous_page_section_name=1000&federated_search_id=a6b44346-358f-4c97-adc2-2db2cf5de7c9,cityswap- Bright Apt.2 · AC · Vienna 3rd District,162096.0,,,True,False,Vienna
https://www.airbnb.com/rooms/1679621153766330899?search_mode=regular_search&adults=1&check_in=2026-07-08&check_out=2026-07-13&children=0&infants=0&pets=0&source_impression_id=p3_1783401850_P3tOzJ2Fd0mSWCAK&previous_page_section_name=1000&federated_search_id=a6b44346-358f-4c97-adc2-2db2cf5de7c9,dreamfactory Royal Westside - Premium Suite,21855.0,,,True,False,Vienna
https://www.airbnb.com/rooms/1722422423846917668?search_mode=regular_search&adults=1&check_in=2026-07-07&check_out=2026-07-12&children=0&infants=0&pets=0&source_impression_id=p3_1783401850_P3P0Yr5Qt02qqEBf&previous_page_section_name=1000&federated_search_id=a6b44346-358f-4c97-adc2-2db2cf5de7c9,cityswap - Apt.1 · AC · Vienna 3rd District,162096.0,,,True,False,Vienna
https://www.airbnb.com/rooms/28981547?search_mode=regular_search&adults=1&check_in=2026-07-19&check_out=2026-07-24&children=0&infants=0&pets=0&source_impression_id=p3_1783401850_P3My_wNjhDZnA5RS&previous_page_section_name=1000&federated_search_id=a6b44346-358f-4c97-adc2-2db2cf5de7c9,The Deluxe Apartment in Vienna,52821.0,4.94,4949.0,True,True,Vienna
https://www.airbnb.com/rooms/1719411451369133624?search_mode=regular_search&adults=1&check_in=2026-07-07&check_out=2026-07-12&children=0&infants=0&pets=0&source_impression_id=p3_1783401850_P3LnarxkqD74hQ44&previous_page_section_name=1000&federated_search_id=a6b44346-358f-4c97-adc2-2db2cf5de7c9,City Center 5BR • Balcony •AC • Perfect for Groups,88628.0,,,True,False,Vienna
https://www.airbnb.com/rooms/1576604431095368676?search_mode=regular_search&adults=1&check_in=2026-07-25&check_out=2026-07-30&children=0&infants=0&pets=0&source_impression_id=p3_1783401850_P3vKnt985nHpR1Vu&previous_page_section_name=1000&federated_search_id=a6b44346-358f-4c97-adc2-2db2cf5de7c9,Luxury Suite | The answer is YES | WOW effect,44772.0,,,True,False,Vienna
https://www.airbnb.com/rooms/1679107820007563138?search_mode=regular_search&adults=1&check_in=2026-09-20&check_out=2026-09-25&children=0&infants=0&pets=0&source_impression_id=p3_1783401850_P34mL0ogEwevfRgQ&previous_page_section_name=1000&federated_search_id=a6b44346-358f-4c97-adc2-2db2cf5de7c9,,,,,True,False,Vienna
https://www.airbnb.com/rooms/1586908854861716328?search_mode=regular_search&adults=1&check_in=2026-08-18&check_out=2026-08-23&children=0&infants=0&pets=0&source_impression_id=p3_1783401850_P3t3yR39bC_IFd19&previous_page_section_name=1000&federated_search_id=a6b44346-358f-4c97-adc2-2db2cf5de7c9,Spacious and Stylish Two-Level Retreat,108470.0,5.0,2929.0,True,True,Vienna
https://www.airbnb.com/rooms/44091130?search_mode=regular_search&adults=1&check_in=2026-07-07&check_out=2026-07-12&children=0&infants=0&pets=0&source_impression_id=p3_1783401850_P3VWZL3tzIxAjzgz&previous_page_section_name=1000&federated_search_id=a6b44346-358f-4c97-adc2-2db2cf5de7c9,Rioca Vienna Post 1 - Copacabana Apartment,,,,True,False,Vienna
https://www.airbnb.com/rooms/1716602018862777322?search_mode=regular_search&adults=1&check_in=2026-07-18&check_out=2026-07-23&children=0&infants=0&pets=0&source_impression_id=p3_1783401850_P3sH_9tdpiEz_dra&previous_page_section_name=1000&federated_search_id=a6b44346-358f-4c97-adc2-2db2cf5de7c9,Stylish Apartment up to 14 I Close to AKH and U6,40415.0,,,True,False,Vienna
https://www.airbnb.com/rooms/1702099531621927898?search_mode=regular_search&adults=1&check_in=2026-07-08&check_out=2026-07-13&children=0&infants=0&pets=0&source_impression_id=p3_1783401850_P343-zSh4px2O4aS&previous_page_section_name=1000&federated_search_id=a6b44346-358f-4c97-adc2-2db2cf5de7c9,"Renovated Altbau Studio, 10 min Stephansplatz",26707.0,5.0,77.0,True,True,Vienna
https://www.airbnb.com/rooms/1567455901531376642?search_mode=regular_search&adults=1&check_in=2026-07-07&check_out=2026-07-12&children=0&infants=0&pets=0&source_impression_id=p3_1783401850_P3mFZCMl2PFUMMv2&previous_page_section_name=1000&federated_search_id=a6b44346-358f-4c97-adc2-2db2cf5de7c9,Exclusive & Stylish Retreat near City Center,173778.0,5.0,66.0,True,True,Vienna
https://www.airbnb.com/rooms/1413605094474055996?search_mode=regular_search&adults=1&check_in=2026-07-14&check_out=2026-07-19&children=0&infants=0&pets=0&source_impression_id=p3_1783401850_P3Tx0yEfFkzYa9ek&previous_page_section_name=1000&federated_search_id=a6b44346-358f-4c97-adc2-2db2cf5de7c9,Design meets luxury,48149.0,5.0,4343.0,True,True,Vienna
https://www.airbnb.com/rooms/884481893578821453?search_mode=regular_search&adults=1&check_in=2026-07-23&check_out=2026-07-28&children=0&infants=0&pets=0&source_impression_id=p3_1783401850_P31OgWIgH7Ulxfr0&previous_page_section_name=1000&federated_search_id=a6b44346-358f-4c97-adc2-2db2cf5de7c9,Vienna Heights | Premium Two-Bedroom Apartment,,4.98,123123.0,True,True,Vienna
https://www.airbnb.com/rooms/1713594642934625750?search_mode=regular_search&adults=1&check_in=2026-08-30&check_out=2026-09-04&children=0&infants=0&pets=0&source_impression_id=p3_1783401850_P3gah8-Cn_rL912i&previous_page_section_name=1000&federated_search_id=a6b44346-358f-4c97-adc2-2db2cf5de7c9,Elégance - 2BR Superior Family Suite with AC,,,,True,False,Vienna
https://www.airbnb.com/rooms/1673242064214698247?search_mode=regular_search&adults=1&check_in=2026-10-25&check_out=2026-10-30&children=0&infants=0&pets=0&source_impression_id=p3_1783401850_P3QCIN77_SbqWXud&previous_page_section_name=1000&federated_search_id=a6b44346-358f-4c97-adc2-2db2cf5de7c9,Prime Vienna Naschmarkt • 3 Rooms • 2 Baths,68460.0,,,True,False,Vienna
https://www.airbnb.com/rooms/1667311596749937051?search_mode=regular_search&adults=1&check_in=2026-07-18&check_out=2026-07-23&children=0&infants=0&pets=0&source_impression_id=p3_1783401850_P37WT7emsCx-fTxB&previous_page_section_name=1000&federated_search_id=a6b44346-358f-4c97-adc2-2db2cf5de7c9,,73782.0,,,False,False,Vienna
https://www.airbnb.com/rooms/1708716729910123907?search_mode=regular_search&adults=1&check_in=2026-07-15&check_out=2026-07-20&children=0&infants=0&pets=0&source_impression_id=p3_1783401850_P3SjTBXkbxZ0Cdox&previous_page_section_name=1000&federated_search_id=a6b44346-358f-4c97-adc2-2db2cf5de7c9,Stylish 2-bedroom Apartment in Vienna Landstrasse,85576.0,,,True,False,Vienna
